id_laptop,id_user,user_rating
0,1989,5
0,1999,3
0,1611,3
0,671,1
0,1430,4
0,2100,2
0,1313,5
0,1473,5
0,743,3
0,1230,0
0,1607,4
0,180,4
0,1931,4
0,989,4
0,698,5
0,2197,5
0,1886,3
1,1279,3
1,1006,3
1,1331,5
1,2131,4
1,2024,4
1,1240,5
1,1452,5
1,623,2
1,1805,3
1,634,2
1,1433,5
1,1015,5
1,585,5
1,1140,2
1,2193,2
1,1794,5
1,1443,5
1,734,4
1,2202,4
1,1665,4
1,1221,4
1,1925,4
1,428,2
1,1553,5
1,1410,5
1,1873,5
1,512,5
1,460,3
1,221,2
1,1051,4
1,1969,5
1,1705,4
1,300,4
1,1244,5
1,1068,5
1,1728,3
1,2179,5
1,1192,3
1,1210,2
1,916,1
2,1114,4
2,103,1
2,1103,2
2,194,4
2,1529,0
2,1170,1
2,1084,4
2,136,4
2,2203,3
2,1793,4
2,2045,5
2,452,3
2,76,4
2,1227,1
2,1663,4
2,1642,2
2,1739,1
2,1783,3
2,484,5
2,1808,4
2,653,5
2,1359,5
2,970,3
2,1885,3
2,2071,4
2,259,4
2,2122,2
2,882,4
2,1866,4
2,459,3
2,856,4
2,976,5
2,890,5
2,1694,4
2,1201,5
2,603,5
2,721,5
2,1871,5
2,1909,4
2,1242,2
2,1686,3
2,409,5
2,60,4
2,1248,1
2,1115,5
2,1265,4
2,2056,5
2,1217,4
2,1841,0
2,301,4
2,1857,4
2,332,4
2,6,5
2,1817,4
2,1860,2
2,1364,4
2,108,5
2,37,3
2,658,3
2,1179,2
2,209,5
2,2117,5
2,352,1
2,1315,4
2,2091,4
2,1487,5
2,1816,4
2,1842,5
2,228,5
2,367,2
2,2209,5
2,615,4
2,135,5
2,2006,4
3,2134,2
3,558,5
3,1393,5
3,1428,5
3,30,1
3,703,1
3,599,3
3,637,3
3,1402,4
3,1465,2
3,441,4
3,1534,3
3,738,2
3,146,3
3,547,4
3,1726,4
3,1292,2
3,2087,4
3,744,4
3,1438,4
3,2170,5
3,321,3
3,576,5
3,1362,5
3,1455,3
3,1971,4
3,2126,2
3,1228,5
3,1383,5
3,860,4
3,833,5
3,464,4
3,1735,5
3,1690,5
3,961,5
3,1767,4
3,1650,4
3,979,5
3,1040,4
3,801,5
3,1603,0
3,708,5
4,373,4
4,1715,5
4,2110,4
4,1763,5
4,1860,5
4,830,4
4,1652,5
4,374,5
4,881,5
4,1975,4
4,1338,1
4,835,4
4,605,2
4,635,5
4,2178,4
4,1269,5
4,346,1
4,1128,5
4,1504,5
4,154,5
4,502,5
4,1982,4
4,1180,3
4,805,5
4,1373,2
4,714,1
4,321,5
4,1005,5
5,697,5
5,314,5
5,1629,3
6,1887,5
6,954,4
6,1917,5
6,1656,5
6,1908,3
6,1765,0
6,1272,4
6,382,3
6,2185,4
6,1583,3
6,201,1
6,1218,5
6,1261,5
6,111,5
6,242,2
6,724,4
6,85,1
6,665,4
6,1718,4
6,2123,3
6,1310,4
6,536,3
6,2037,3
6,1883,2
6,2024,3
6,1531,4
6,959,3
6,1318,3
6,897,2
6,1807,5
6,153,4
6,310,4
6,667,3
6,820,5
6,298,2
6,577,5
6,2179,5
6,1215,2
6,960,3
6,1412,4
6,534,5
6,1524,5
6,957,5
6,1328,5
6,393,1
6,13,4
6,0,3
6,814,3
6,391,4
6,1480,2
6,2044,5
7,625,5
7,2134,2
7,1918,1
7,2106,4
7,1694,5
7,1157,1
7,1383,5
7,465,4
7,1660,2
7,1441,4
7,2200,2
7,1234,4
7,1172,5
7,1489,5
7,1274,5
7,158,2
7,711,5
7,1337,5
7,1609,5
7,102,3
7,1336,5
7,1870,4
7,978,4
7,339,4
7,1141,4
7,1087,3
7,1319,3
7,2192,1
7,1224,5
7,1931,5
7,1510,5
7,1117,5
7,867,1
7,831,3
7,1221,1
7,586,5
7,153,1
7,156,5
7,146,4
7,624,5
7,516,5
7,1317,5
7,2056,4
7,1303,5
7,1056,2
7,647,4
7,1526,5
7,628,1
7,89,5
7,60,1
7,1895,4
7,23,4
7,1371,4
7,1524,5
7,854,3
7,833,4
7,1669,5
7,744,5
7,1761,3
7,1457,2
7,1772,3
7,1896,2
7,226,3
7,457,3
7,543,5
7,2072,5
7,1149,1
7,357,4
7,809,5
7,338,2
7,919,1
7,1968,4
7,137,5
7,1206,4
7,1707,4
7,807,4
7,762,4
7,1304,5
7,1562,5
7,1987,3
8,686,4
8,2177,5
8,1603,4
8,1371,4
8,255,5
8,206,5
8,1203,5
8,1076,3
8,547,1
8,457,3
8,801,4
8,672,1
8,56,5
8,300,4
8,103,5
8,405,4
8,1417,4
9,1731,4
9,829,5
9,1236,1
9,85,4
9,1153,3
9,1899,1
9,1476,3
9,1294,2
9,1266,5
9,1274,2
9,582,4
9,1204,5
10,828,4
10,1330,1
10,511,4
10,1788,5
10,1283,4
10,267,5
10,1780,5
10,1526,4
10,388,3
10,79,4
10,806,3
10,1137,2
10,215,5
10,758,1
10,1763,5
10,2066,4
10,1359,5
10,185,5
10,287,3
10,513,2
10,1234,5
10,759,0
10,348,5
10,1227,5
10,2118,1
10,1502,4
10,546,5
11,301,4
11,1942,2
11,467,4
11,1095,3
11,358,3
11,1287,3
11,570,4
11,225,2
11,790,5
11,1121,1
12,2080,4
12,2093,5
12,696,4
12,1789,4
12,1198,2
12,141,4
12,191,4
12,240,5
12,1342,4
12,715,5
12,59,5
12,1984,1
12,1493,4
13,1768,5
13,1962,2
13,1485,3
13,2195,4
13,2189,5
13,518,3
13,1127,5
13,1268,5
13,1969,2
13,756,4
13,304,4
13,1320,1
13,805,5
13,1364,2
13,2004,3
13,900,3
13,884,4
13,1972,5
13,283,5
13,1910,5
13,2082,3
13,617,3
13,1743,1
13,2151,4
13,2181,5
13,638,5
13,1989,5
13,2169,5
13,999,5
13,5,4
13,294,3
13,1092,5
13,372,5
13,1207,5
13,1948,4
13,295,4
13,563,1
13,271,5
13,958,2
13,157,3
13,897,2
13,1401,4
13,1477,4
13,1761,3
13,141,5
13,681,4
13,1375,4
13,1480,4
13,1565,5
13,1518,2
13,1486,2
13,899,2
13,909,5
14,439,4
14,263,4
15,1591,1
15,656,4
15,2125,2
15,55,5
15,1005,4
15,1420,4
15,949,2
15,862,4
15,301,5
15,535,4
15,2047,2
15,556,1
15,920,1
15,634,5
15,2200,3
15,469,5
15,1590,4
15,2090,2
15,698,2
15,923,2
15,884,2
15,353,4
15,1464,0
15,1969,5
15,2162,4
15,607,3
15,582,1
15,937,5
15,1472,5
15,1538,5
15,1364,1
15,1322,4
15,1986,4
16,498,1
16,672,5
16,816,5
16,1497,3
16,2056,5
16,2130,1
16,1139,5
16,968,5
16,1197,4
16,1986,5
16,203,3
16,1603,5
16,1618,5
16,1217,4
16,342,2
16,221,2
16,1355,4
16,18,4
16,456,4
16,573,4
16,1931,4
16,1799,5
16,2157,2
16,1767,5
16,2,3
16,430,2
16,651,4
16,14,1
16,1570,0
16,796,3
16,78,5
17,1076,4
17,2188,1
17,1678,5
17,1973,5
17,1233,2
17,1899,4
17,1367,3
17,108,1
17,2008,5
17,552,5
17,128,2
17,2004,4
17,527,4
17,1774,5
17,1070,1
17,1790,3
17,1265,4
17,1815,4
17,2123,5
17,813,1
17,1668,5
17,2124,5
17,815,5
17,1040,5
17,1357,4
17,215,5
17,1791,3
17,1000,4
17,498,5
17,621,4
17,1252,5
17,521,2
17,1851,5
17,568,2
17,208,4
17,1873,3
17,1009,3
17,744,5
17,1792,2
17,140,5
17,1711,5
17,2161,0
17,1311,4
17,960,5
17,288,2
17,363,5
17,538,5
17,1284,5
17,763,3
17,578,1
17,1763,4
17,902,5
17,1398,1
17,1500,1
17,666,5
17,1991,5
17,698,5
17,1225,4
17,1372,5
17,2054,5
17,2070,2
17,275,1
17,1309,5
17,1301,4
17,584,4
17,701,4
17,1666,2
17,1024,5
17,1433,1
17,155,4
17,1091,5
17,1489,4
17,1777,4
17,2127,4
17,1481,3
17,976,5
17,1864,1
17,24,5
17,569,5
17,1722,5
18,2051,5
18,2110,5
18,1659,5
18,2099,5
18,1863,2
18,612,3
18,609,4
18,2073,5
18,513,4
18,1008,4
18,1838,3
18,690,4
18,1484,2
18,1958,5
18,658,3
18,525,2
18,1807,5
18,1320,2
18,534,5
18,1788,2
18,1310,5
18,421,4
18,239,5
18,184,4
18,14,3
18,144,5
18,977,1
18,81,3
18,914,4
18,293,5
18,94,4
18,290,5
18,276,5
18,477,3
18,819,5
18,1261,2
18,849,4
18,601,4
18,242,2
18,1427,4
18,1650,5
18,683,2
18,1047,5
18,593,5
18,330,4
18,1528,2
18,1620,5
18,754,5
18,581,1
18,1354,3
18,91,5
18,1535,5
18,1144,5
18,629,5
18,1000,3
18,1548,1
18,1881,1
18,391,5
18,1316,5
18,1641,4
18,1029,4
18,847,3
18,323,3
18,143,5
18,2145,5
18,273,3
18,780,4
18,1802,3
18,1064,5
18,2107,0
18,1736,4
18,2049,4
18,419,4
18,193,4
18,1698,4
18,922,5
18,448,5
18,1462,4
18,1991,4
18,1572,5
19,429,5
19,993,5
19,1669,4
19,1339,3
19,657,3
19,397,5
19,841,4
19,740,5
19,884,5
19,1413,3
19,1311,4
19,366,4
19,1205,4
19,1556,5
19,1922,3
19,384,5
19,335,2
19,2189,2
19,1979,3
19,2038,2
19,2015,3
19,1405,2
19,497,3
19,321,4
19,1235,5
19,1864,5
19,241,4
19,563,2
19,341,3
19,684,4
19,913,3
19,449,4
19,64,5
19,1779,4
19,184,3
19,869,4
19,1324,5
19,463,4
19,2169,4
19,2113,5
19,1799,3
19,694,2
19,2003,4
19,2196,5
19,2150,4
19,1451,4
19,1049,4
19,2190,4
19,1350,5
19,239,5
19,899,4
19,1025,2
19,682,1
19,1586,2
19,257,0
19,403,4
19,386,5
19,1839,1
19,1381,4
19,211,3
19,156,5
19,147,2
19,1847,4
19,1302,5
19,68,5
19,620,5
19,1709,0
19,1589,5
19,120,5
19,1767,4
19,1116,2
19,442,4
19,1865,0
19,984,5
19,1571,5
19,1520,3
19,1110,4
19,556,5
19,754,5
20,1731,4
20,210,4
20,1557,5
20,1694,4
20,1203,1
20,932,5
20,841,5
20,992,2
20,511,5
20,71,4
20,1955,5
20,117,5
20,1193,3
20,274,5
20,1189,2
20,299,3
20,2172,5
20,429,4
20,1756,4
20,762,2
20,324,4
20,342,5
20,639,3
20,667,5
20,1173,3
20,534,1
20,1494,5
20,1660,5
20,1838,5
20,1051,2
20,1205,5
20,1250,2
20,497,1
20,564,5
20,1353,4
20,1039,5
20,1978,5
20,1450,4
20,296,3
20,711,3
20,1658,4
20,1760,3
20,2088,5
20,2131,1
20,612,5
20,533,5
20,593,5
20,111,3
20,60,4
20,327,2
20,836,1
20,603,4
20,162,5
20,166,3
20,1988,3
20,748,2
20,592,5
20,385,3
20,1446,2
20,625,1
20,832,4
20,989,2
20,541,4
20,1461,3
20,1734,4
20,355,5
20,132,5
20,189,5
20,495,5
20,1686,5
20,1142,1
20,566,4
20,1719,3
20,844,4
20,1757,3
20,1679,4
20,266,4
20,139,3
20,898,2
20,1459,1
21,336,3
21,1084,1
21,2198,4
21,163,5
21,1893,5
21,803,5
21,2044,4
21,964,5
21,431,0
21,1372,1
21,1230,5
21,50,2
21,190,5
21,1806,5
21,1580,4
21,419,5
21,408,4
21,857,3
21,1591,5
21,1112,5
21,1312,5
21,1998,5
21,44,4
21,1193,5
21,1761,3
21,258,1
21,1281,3
21,62,1
21,905,3
21,580,1
21,312,4
21,1923,5
21,1392,2
21,2160,2
21,2064,0
21,1708,4
21,1839,4
21,87,5
21,385,4
21,1054,5
21,460,4
21,530,5
21,945,3
21,111,3
21,1719,2
21,2,3
21,1270,5
21,883,4
21,141,1
21,2107,4
21,2186,5
21,859,3
21,2035,5
21,236,4
21,1464,1
21,376,4
21,619,2
21,754,3
21,1879,4
21,817,1
21,1651,4
21,304,4
21,49,2
21,1700,5
21,1326,4
21,244,1
21,485,0
21,1594,2
21,1032,4
21,786,3
21,1939,4
21,1249,3
21,352,5
21,812,2
21,472,4
21,527,5
21,1657,3
21,188,5
21,2199,2
21,112,2
22,730,5
22,1917,2
22,2030,5
22,1356,5
22,686,2
22,2180,0
22,587,5
22,476,1
22,1872,4
22,481,5
22,1019,1
22,1354,2
22,619,5
22,1618,5
22,1983,5
22,768,4
22,246,3
22,1237,5
22,363,5
22,1352,1
22,1485,3
22,1168,4
22,1597,3
22,1117,0
22,1991,4
23,1021,4
23,1391,1
23,868,5
23,257,5
23,143,0
23,485,4
23,2066,4
23,1412,3
23,1573,4
23,1878,3
23,1495,1
23,691,3
23,1470,2
23,1983,4
23,401,3
23,169,2
23,2057,5
23,1686,5
23,69,5
23,1629,4
23,1994,3
23,115,5
23,1521,5
23,1755,3
23,1272,5
23,1742,3
23,1147,3
23,2027,2
23,2154,4
23,404,0
23,774,4
23,2003,5
23,645,5
23,1066,5
23,1394,5
23,1710,4
23,1484,4
23,2024,3
23,1744,5
23,1234,5
23,709,4
23,353,5
23,874,4
23,1281,5
23,1244,4
23,469,5
23,1737,5
23,1980,5
23,866,4
23,1462,4
23,377,0
23,842,4
23,1641,5
23,1915,1
23,1052,4
23,1452,4
23,1307,5
23,311,3
23,968,3
23,1422,5
23,1885,4
23,268,5
23,1070,2
23,1280,5
23,351,5
23,1661,5
23,2078,3
23,1245,4
23,418,5
23,235,2
23,1569,4
23,211,4
24,1570,3
24,1034,4
24,1877,4
24,428,1
24,335,4
25,1529,3
25,1809,4
25,491,3
25,184,5
26,96,5
26,499,4
26,578,3
26,2044,4
26,724,5
26,164,1
26,2190,5
26,1709,3
26,1180,4
26,805,5
26,487,0
26,851,3
26,322,5
26,2095,4
26,1332,5
26,920,1
26,770,5
26,1790,5
26,2148,5
26,625,5
26,1260,5
26,1252,3
26,1927,4
26,701,2
26,1514,4
26,643,3
26,667,4
26,1338,4
26,1114,1
26,91,5
26,1415,3
26,1235,4
26,1839,5
27,1345,4
27,906,5
27,507,1
27,1095,4
27,1040,2
27,1548,2
27,406,5
27,1252,5
27,545,2
27,1224,4
27,973,2
27,1584,4
27,422,1
27,803,5
27,1526,5
27,1950,5
27,1927,5
27,1296,5
27,380,2
27,1453,2
27,2102,5
27,118,2
27,451,3
27,1414,0
27,669,4
27,958,4
27,2028,3
27,363,4
27,596,3
27,681,2
27,1660,4
27,2077,5
27,1955,4
27,1445,5
27,1994,3
27,2180,5
27,221,4
27,1038,5
27,1026,5
27,1849,5
27,1347,5
27,1964,2
27,276,4
27,678,5
27,1515,2
27,1753,1
27,317,2
27,1979,2
27,1278,5
27,1832,4
27,1371,2
27,1516,5
28,468,2
28,1029,4
28,545,3
28,103,4
28,1176,2
28,941,2
28,1417,0
28,365,4
28,1760,3
28,1775,4
28,222,3
28,1769,4
28,1389,5
28,1630,5
28,445,4
28,1231,3
28,214,2
28,224,5
28,145,4
28,1689,2
28,1740,5
28,3,1
28,656,4
28,231,4
28,1345,5
28,2037,4
28,2151,4
28,1151,1
28,734,5
28,964,3
28,307,1
28,846,4
28,2090,5
28,94,4
28,2178,4
28,1249,4
28,790,1
28,583,5
28,125,2
28,123,4
28,1903,4
28,1835,5
30,2208,5
30,485,3
30,1668,5
30,22,5
31,167,5
31,2125,5
31,1961,3
31,149,2
31,302,5
31,1720,3
31,451,1
31,574,4
31,1515,5
31,1236,4
31,1542,2
32,295,1
32,190,4
32,1204,0
32,150,4
32,1033,3
32,1853,5
32,1399,4
32,825,5
32,658,5
32,930,5
32,2169,5
32,1787,5
32,182,4
32,1847,4
32,1651,4
32,2141,5
32,1078,2
32,440,1
32,1395,4
32,949,2
32,1912,5
32,1796,4
32,403,3
33,622,5
33,802,4
33,1952,1
33,1851,2
33,1093,1
33,673,5
33,934,5
33,2151,4
33,237,4
33,2099,5
33,1208,4
33,2057,4
33,2102,3
33,707,3
33,82,3
33,1992,5
33,474,5
33,1845,2
33,316,4
33,44,3
33,1197,4
33,1859,4
33,1451,1
33,30,5
33,1725,5
33,75,5
33,304,4
33,1583,3
33,870,5
33,2197,3
33,1647,4
33,493,4
33,1002,1
33,40,4
33,1732,3
33,483,2
33,311,4
33,815,3
33,1981,4
33,1823,4
33,1755,5
33,1681,4
33,1740,4
33,1915,4
33,1036,5
33,1912,5
33,1331,4
33,1204,5
33,2176,3
33,602,4
33,1576,5
33,2127,3
33,946,5
33,2132,4
33,655,2
33,1460,5
33,902,3
33,1614,5
33,1455,1
33,624,4
33,704,3
33,1255,4
33,510,4
33,1200,4
33,2062,5
33,1110,5
33,1816,1
33,1608,2
33,1618,3
33,14,4
33,1833,4
33,1620,5
33,1967,4
33,1672,2
33,809,5
33,1088,2
33,1303,5
33,2191,4
33,275,3
34,62,4
34,1890,5
34,1813,5
34,1196,4
34,2027,1
34,1448,4
34,1683,5
34,1442,1
34,25,3
34,1169,4
34,187,4
34,1119,3
34,906,5
34,2022,3
34,1641,5
34,1948,2
34,969,4
34,274,4
34,1185,5
34,1514,5
34,1382,5
34,368,3
34,1480,2
34,974,3
34,1346,1
34,227,3
34,1277,5
34,1830,4
34,579,0
34,1093,3
34,1271,3
34,1124,2
34,1011,5
34,796,5
34,1843,4
34,1353,1
34,1253,3
34,2135,5
34,603,2
34,1481,2
34,895,5
34,483,4
34,1434,4
34,2176,4
34,347,3
34,1739,4
34,2167,1
34,1857,5
34,1815,2
34,1766,5
34,968,3
34,1863,2
34,1504,5
34,2097,1
34,1435,2
34,1914,4
34,1748,4
34,2174,4
34,1997,1
34,1814,4
34,2110,5
34,1644,5
34,2067,4
34,752,5
34,1263,4
34,317,4
34,148,5
34,1176,1
34,1531,5
34,1293,4
34,787,3
34,372,5
34,859,4
35,1523,4
35,2191,2
37,764,4
37,1014,2
37,1224,1
37,2093,4
37,1331,5
37,397,3
37,1776,5
37,276,4
37,652,2
37,1346,4
37,1901,5
37,829,5
37,1000,1
37,1711,5
37,1654,5
37,1098,5
37,195,5
37,1895,5
37,1053,4
37,1835,5
37,769,3
37,991,2
37,183,4
37,216,5
37,1496,5
37,342,5
37,1755,5
37,1551,5
37,1409,3
37,2108,5
37,1632,5
37,976,2
37,1083,3
37,167,4
37,197,5
37,2194,4
39,252,3
39,399,3
39,2132,1
39,2202,4
39,1302,4
39,2090,5
39,2013,4
39,1107,1
39,581,4
39,1947,4
39,982,3
39,324,5
39,718,5
39,1325,3
39,1692,4
39,1903,3
39,619,5
39,1007,3
39,814,2
39,609,5
39,756,3
39,1473,5
39,368,1
39,1547,5
39,1382,5
39,336,1
39,1950,1
39,926,4
39,1593,5
39,2008,5
39,2112,5
39,2057,4
39,1227,3
39,764,3
39,1663,2
39,1834,4
39,738,4
39,1543,5
39,650,5
39,838,5
39,719,1
39,1294,3
39,1445,5
39,550,1
39,538,5
39,1264,3
39,1239,3
39,773,3
39,1454,5
39,480,1
39,1805,5
39,1127,5
39,34,4
39,1468,5
39,666,5
39,1575,4
39,640,5
39,1416,3
39,1726,5
40,2143,5
40,1649,5
40,1772,4
40,751,4
40,1533,5
40,113,1
40,154,5
40,1659,5
40,1551,4
40,1192,1
40,505,5
40,598,3
40,1946,4
40,1173,2
40,310,5
40,1381,0
40,1125,3
40,45,3
40,1032,4
40,202,4
40,889,4
40,1592,4
40,855,4
40,2201,1
40,1152,5
40,1405,4
40,495,3
40,1984,4
40,1788,5
40,212,5
40,236,5
40,1063,5
40,1014,4
40,1747,4
40,1582,4
40,473,4
40,1662,5
40,1824,5
40,1098,5
40,1866,5
40,691,2
40,72,5
40,232,5
40,1742,3
40,1570,5
40,474,5
40,2081,0
40,1499,4
40,1022,5
40,1294,5
40,1274,1
40,369,5
40,2050,5
40,1804,5
40,1655,4
40,1138,4
40,1720,4
40,1609,3
40,1044,5
40,1324,4
40,2133,3
40,423,5
40,120,4
40,914,4
40,1039,5
40,1300,5
40,613,4
40,1901,4
40,888,0
41,11,5
41,1322,5
41,506,4
41,1934,5
41,654,4
41,765,5
41,136,4
41,1668,5
41,162,0
41,238,5
41,1703,5
41,261,1
41,1152,5
41,952,5
41,1102,4
41,1063,3
41,1843,5
41,1673,4
41,936,0
41,1917,2
41,986,2
41,33,5
41,1996,2
41,1228,2
41,1818,4
41,1588,4
41,2132,4
41,2196,5
41,1413,1
41,1327,2
41,422,3
41,195,5
41,1048,4
41,1055,4
41,1101,3
41,1814,4
41,1240,5
42,1083,0
42,1316,5
43,428,5
43,1854,1
43,1300,5
43,1065,5
43,1646,0
43,588,4
43,460,5
43,1994,4
43,1973,5
43,2181,2
43,769,5
43,1037,4
43,173,5
43,1262,5
43,1225,5
43,1343,3
43,1482,2
43,1704,5
43,0,5
43,707,5
43,1698,5
43,1052,4
43,933,4
43,1423,1
43,1749,3
43,1633,2
43,1079,4
43,1619,2
43,1962,5
43,1064,3
43,687,4
43,2182,2
44,1120,5
44,1690,2
44,376,5
44,124,5
44,1009,5
44,1170,5
44,1099,5
44,1211,4
44,1934,4
44,1448,4
44,717,5
44,1169,5
44,1313,3
44,701,2
44,719,4
44,1325,4
44,508,4
44,947,2
44,478,5
44,2065,0
44,812,4
44,1484,5
44,943,0
44,68,3
44,1419,3
44,1919,2
44,817,5
44,63,5
44,355,4
44,848,3
44,854,4
44,88,4
44,235,3
44,924,3
44,2118,5
44,711,3
44,1776,5
44,583,1
44,1808,4
44,1297,5
44,33,4
44,414,3
44,2135,5
44,145,4
44,2068,2
44,1573,3
44,1986,5
44,1110,3
44,1021,2
44,779,3
44,1717,5
44,1681,3
44,1574,4
44,1949,5
44,970,3
44,894,0
44,1722,3
44,1645,3
44,224,5
44,1101,3
44,217,1
44,1269,4
44,1985,2
44,774,5
44,1871,1
44,1628,3
44,449,5
44,336,5
44,213,5
44,1118,5
44,748,4
44,1377,4
44,1998,5
44,280,5
44,1599,3
44,1096,4
44,1408,4
44,2064,5
44,405,2
44,2050,1
45,309,2
45,2121,1
45,78,3
45,165,4
45,936,3
45,1541,3
45,1960,5
45,2066,5
45,1475,5
45,550,4
45,1432,3
45,906,4
45,1406,4
46,378,2
46,2014,4
46,1841,4
46,691,4
46,1883,5
46,326,4
47,1708,5
47,1122,5
47,256,1
47,409,3
47,1301,4
47,634,5
47,1718,5
47,32,1
47,739,5
47,1388,3
47,2011,3
47,1289,5
47,1869,4
47,1800,4
47,1135,4
47,1870,5
47,297,4
47,2015,3
47,431,3
47,1663,1
47,861,4
47,862,3
47,1044,5
47,936,2
47,999,4
47,2036,3
47,216,4
47,1651,5
47,760,4
47,661,3
47,1276,5
47,823,4
47,2074,3
47,1201,5
47,1456,4
47,1491,2
47,605,1
47,893,5
47,100,4
47,1385,4
47,1096,3
47,1626,5
47,772,5
47,392,5
47,1349,4
47,1730,4
47,1149,5
47,756,4
47,1282,2
47,445,5
47,1528,4
47,616,4
47,1488,4
47,1581,4
47,80,3
47,46,4
47,107,2
47,273,5
47,497,4
47,1893,5
48,1264,2
48,1058,4
48,2134,4
48,1424,5
48,1842,4
48,743,3
48,719,3
48,1555,5
48,367,5
48,2153,4
48,1753,5
48,996,4
48,1401,5
48,973,3
48,1031,2
48,1194,3
48,2079,5
48,2083,5
48,356,5
48,2113,5
48,464,4
48,1342,3
48,2091,4
48,1757,5
48,1889,3
48,1536,5
48,1461,4
48,559,4
48,1840,5
48,458,3
48,1612,4
48,1291,1
48,1754,4
48,1089,2
48,629,4
48,1053,4
48,1883,3
48,641,5
48,2130,4
48,1391,3
48,1954,5
48,918,5
48,1948,1
48,2106,3
48,687,3
48,1192,5
48,1313,5
48,1956,2
48,1600,5
48,365,2
48,1033,5
48,1212,5
48,1440,2
48,1523,3
48,838,5
48,2163,4
48,557,5
48,660,2
48,1409,2
48,2139,0
48,401,3
48,476,4
48,1455,2
48,1039,4
48,1588,3
48,1027,2
48,530,4
49,140,5
49,1306,4
49,808,4
49,1838,5
49,1180,4
49,344,4
49,34,5
49,1409,5
49,100,4
49,1493,3
49,580,4
49,1594,4
49,2147,5
49,332,4
49,1320,5
49,1997,4
49,1672,2
49,297,5
49,1722,3
49,2048,3
49,1972,4
49,1766,1
49,790,4
49,267,5
49,963,4
49,1826,5
49,208,0
49,2145,5
49,633,2
49,379,5
49,1745,5
49,1176,2
49,1587,5
49,1864,5
49,1054,5
49,2167,5
49,1673,5
49,887,4
49,1615,3
49,1560,4
49,1064,4
49,72,5
49,404,5
49,2040,3
49,1465,2
49,1956,3
49,1602,5
49,148,5
49,525,4
49,970,5
49,1023,4
49,513,4
49,2082,5
49,1307,4
49,935,5
49,2180,2
49,509,5
49,1707,2
49,922,5
49,1754,4
49,1408,5
49,686,5
49,1443,5
49,2006,1
49,305,5
49,1286,5
49,1705,5
49,1402,3
49,1809,5
50,49,1
50,1727,4
50,1863,5
50,1438,4
50,1551,5
50,1406,5
50,1707,4
50,395,2
50,15,4
50,269,5
50,1968,4
50,272,1
50,207,5
50,86,4
50,1376,1
50,1158,4
50,1511,1
50,1038,5
50,1858,5
50,1393,5
50,665,2
50,2028,1
50,435,4
50,2043,4
50,1478,5
50,1061,5
50,487,5
51,502,4
51,620,3
51,669,3
51,1029,4
51,693,4
51,1085,4
51,1844,4
51,442,4
51,35,4
51,1373,5
51,2046,4
51,1713,5
51,2185,4
51,248,5
51,705,0
51,1697,4
51,613,4
51,163,1
51,1824,0
51,161,5
51,1173,5
51,1260,3
51,2114,2
51,1153,4
51,760,4
51,2126,5
51,883,5
51,140,5
51,78,5
51,1598,2
51,1338,5
51,1422,4
51,1220,5
51,518,5
51,1223,0
51,1083,2
51,1927,4
51,1143,5
51,100,4
51,187,5
51,1628,3
51,1910,5
51,2071,5
51,1912,4
51,2195,3
51,2141,2
51,1188,5
51,1886,1
51,2129,2
51,1218,4
51,535,5
51,1781,4
51,446,4
51,1671,1
51,138,3
51,633,3
52,2152,2
52,774,4
52,702,3
52,654,1
52,606,5
52,330,3
52,730,3
52,1533,4
52,190,4
52,981,4
52,2009,2
52,1586,3
52,2181,3
52,1376,4
52,395,5
52,296,4
52,172,5
52,2092,2
52,1076,3
52,1106,5
52,1247,2
52,920,0
52,1053,4
52,1169,2
52,2019,5
52,594,3
52,352,4
52,1109,2
52,99,1
52,1088,5
52,331,1
52,1501,5
52,1744,5
52,459,5
52,1617,4
52,406,4
52,87,3
52,9,4
52,136,5
52,2193,1
52,2006,4
52,728,5
52,34,5
52,1854,5
52,398,4
52,1024,5
52,1429,1
52,439,4
52,2016,5
52,1071,3
52,275,4
52,154,1
52,1833,3
52,1794,5
52,1374,4
52,582,2
52,1250,4
52,122,1
52,833,5
52,1137,4
52,1411,2
52,875,2
52,72,5
52,2074,3
52,527,4
52,1750,5
52,15,2
52,426,5
52,2084,2
52,2042,4
52,376,3
52,1359,2
52,1567,5
52,2129,5
52,1482,3
52,1615,2
52,481,5
52,1082,5
52,84,4
52,1025,2
53,2182,4
53,1089,4
53,872,3
53,682,3
53,2125,5
53,1305,2
53,1710,2
53,48,4
53,380,5
53,2204,3
53,1580,3
53,1571,4
53,1790,3
53,556,5
53,230,5
53,1798,3
53,932,4
53,1824,5
53,431,5
53,391,4
53,1161,4
53,1495,2
53,1548,4
53,1920,5
53,1607,5
53,1060,4
53,1971,4
53,1516,2
53,423,4
53,1200,1
53,517,3
53,584,1
53,927,3
53,1217,5
53,852,3
53,990,4
53,1402,5
53,1886,1
53,1168,4
53,1144,5
53,1558,2
53,2186,2
53,518,4
53,27,5
53,896,4
53,171,0
53,681,2
53,539,4
53,1573,1
53,1007,2
53,1121,2
53,106,1
53,687,5
53,1932,5
53,1519,4
53,840,2
53,406,3
53,1447,3
53,2015,3
53,1290,4
53,2179,2
53,74,5
53,880,2
53,1386,5
53,2068,4
53,165,0
53,683,1
53,1555,5
53,454,5
53,529,4
53,868,4
53,1352,5
53,1517,5
53,1012,5
53,668,5
53,1236,1
53,1840,5
53,1295,4
53,238,2
54,1369,0
54,1934,5
54,1458,5
54,1257,4
54,1508,4
54,1194,4
54,18,5
54,10,4
54,846,5
54,606,5
54,2042,2
54,1086,5
54,1784,5
54,299,4
54,1222,3
54,1198,4
54,1981,1
54,48,5
55,578,5
55,462,2
55,1780,2
55,235,5
55,1432,5
55,669,4
55,1346,5
55,463,3
55,1604,1
55,1150,3
55,1385,5
55,538,5
55,1834,3
55,2117,4
55,1248,5
55,2018,2
55,476,4
55,831,3
55,177,2
55,1394,5
55,2077,4
55,1223,3
55,844,5
55,1363,0
55,1476,4
55,887,5
55,927,5
55,1137,2
55,1063,3
56,1906,2
56,2172,2
56,1151,5
56,1250,5
56,117,4
56,932,2
56,1701,3
56,1138,5
56,535,5
56,926,5
56,1305,4
56,1512,5
56,533,3
56,1473,3
56,200,4
56,120,5
56,1072,0
56,1567,4
56,1077,4
56,1330,4
56,1369,2
56,1580,5
56,1587,5
56,88,3
56,1278,4
56,2137,5
56,1541,4
56,1950,1
56,1145,4
56,1847,2
56,600,3
56,1340,5
56,1678,4
58,1087,4
58,1642,1
58,187,5
58,23,5
58,1044,1
58,1074,5
58,105,5
58,402,5
58,1020,4
58,555,5
58,1366,5
58,869,4
58,1590,4
58,1032,5
58,1985,5
58,720,4
58,853,0
58,1456,2
58,1815,1
58,979,4
58,2114,3
58,1818,5
58,488,3
58,837,3
58,150,3
58,1774,4
58,1291,3
58,886,5
58,166,5
58,1200,1
58,157,1
58,1407,5
58,1754,4
58,1262,0
58,1968,4
58,1356,3
58,1079,4
58,2202,5
58,1778,5
58,1257,3
58,1119,5
58,529,3
58,930,2
58,416,4
58,1269,4
58,1440,3
58,1768,5
58,1300,3
58,1323,1
58,1561,3
58,2097,5
58,43,3
58,1671,3
58,308,1
58,360,3
58,179,5
58,2064,5
58,1646,5
58,390,2
58,1676,4
58,1675,4
58,335,4
58,2100,4
58,1586,3
58,509,5
58,2065,3
58,1292,5
58,193,5
58,181,4
59,1963,5
59,1661,3
59,2074,1
59,458,4
59,1302,2
59,589,3
59,50,2
59,1175,1
59,1973,3
59,931,5
59,1622,4
59,1960,4
59,29,5
59,1413,2
59,1415,4
59,186,5
59,586,5
59,1449,5
59,2130,5
59,2153,1
59,1978,5
59,1489,4
59,1049,4
59,1278,3
59,2122,5
59,147,5
59,163,4
59,76,5
59,243,4
59,470,5
59,1132,5
59,379,5
59,1942,5
59,601,5
59,247,2
59,1757,2
59,472,3
59,260,3
60,526,4
60,515,1
60,1714,3
60,289,1
60,1921,5
60,303,5
60,964,3
60,2139,3
60,1786,4
60,1635,3
60,1112,2
60,2109,4
60,1695,5
60,1943,4
60,2033,5
60,931,4
60,191,1
60,2010,4
60,2123,4
60,1013,2
60,1906,2
60,733,0
60,740,4
60,857,5
60,436,2
60,1951,4
60,1054,5
60,590,2
60,338,3
60,2184,5
60,1585,1
60,714,5
60,1315,2
60,707,4
60,1956,3
60,422,3
60,177,4
60,566,5
60,361,5
60,283,1
60,1678,4
62,1625,1
62,2023,4
62,2146,4
62,467,2
62,332,4
62,1705,4
63,6,5
63,1998,5
63,114,3
63,1720,5
63,1348,5
63,1910,4
63,385,2
63,843,5
63,1487,3
63,1400,2
63,2095,5
63,236,4
63,1156,5
63,1112,4
63,1027,4
63,1734,4
63,1078,4
63,91,5
63,1952,2
63,82,2
63,871,3
63,1361,4
63,1303,5
63,1306,4
63,1589,3
63,241,4
63,99,5
63,1745,3
63,2063,5
63,2096,2
63,2104,5
63,804,5
63,1109,4
63,514,2
63,879,4
63,585,5
63,222,4
63,217,5
63,277,4
63,1688,4
63,986,2
63,591,1
63,1980,4
63,882,5
63,579,4
63,1483,5
63,1531,4
63,1401,4
63,1830,4
63,796,1
63,112,4
63,1034,4
63,2147,4
63,1539,4
63,539,4
63,318,5
63,1514,5
63,462,5
63,2034,4
64,813,4
64,521,4
64,410,2
64,507,4
64,509,4
64,937,5
64,1494,1
64,61,5
64,1113,4
64,41,1
64,1265,5
64,249,5
64,2025,5
64,2009,5
64,1773,1
64,284,5
65,1038,5
65,2128,5
65,1900,5
65,1145,1
65,849,5
65,1408,5
65,1988,5
65,1983,5
65,317,5
65,675,2
65,1061,4
65,1830,5
65,648,5
65,64,5
65,555,5
65,1613,5
65,1205,2
65,959,4
65,2031,5
65,1437,1
65,952,4
65,786,3
65,2149,5
65,980,4
65,1914,4
65,1785,3
65,773,5
65,1764,5
65,739,5
65,1474,4
65,789,5
65,102,3
65,2210,1
65,2207,5
65,1065,3
65,653,4
65,759,4
65,1567,5
65,1862,4
65,1916,4
65,73,5
65,919,5
65,2078,1
65,1184,4
65,1150,4
65,379,5
65,737,3
65,1417,4
65,2115,1
65,1848,4
65,1941,4
65,1791,3
65,1906,4
65,664,4
65,747,2
66,258,4
66,2091,4
66,606,3
66,1411,4
66,1774,1
66,1071,3
66,595,5
66,892,4
66,1015,5
66,155,5
66,975,5
66,1379,5
66,1988,5
66,639,4
66,1387,4
66,682,0
66,511,3
66,569,5
66,728,4
66,1818,4
66,51,3
66,378,5
66,1666,4
66,1590,5
66,729,2
66,1316,5
66,1415,3
66,2002,5
66,1321,3
66,853,4
66,441,3
66,1885,5
66,2118,1
66,2161,5
66,980,4
66,1096,5
66,1485,3
66,1696,5
66,188,5
66,62,4
66,265,3
66,2157,5
66,736,4
66,1115,4
66,32,3
66,1975,5
66,1477,2
67,910,5
67,2077,4
67,1962,5
67,931,4
67,1010,5
67,1522,4
67,469,4
67,579,0
67,261,5
67,1387,0
67,1689,4
67,863,5
67,505,5
67,660,2
67,2111,5
67,2098,4
67,416,4
67,779,1
67,195,5
67,856,5
67,450,5
67,2173,2
67,1367,4
67,2156,4
67,1161,5
67,1739,5
67,1061,4
67,1109,3
67,1291,5
67,1657,5
67,1810,4
67,463,5
67,10,4
67,2210,5
67,550,4
67,717,1
67,1394,3
67,1827,5
67,1056,2
67,269,1
67,207,4
67,1210,5
67,2192,5
67,1077,4
67,1593,4
67,2059,3
67,763,4
67,1012,1
67,2058,4
67,843,4
67,495,4
67,2145,5
67,712,4
67,286,4
67,1438,5
67,479,3
67,320,1
67,1773,2
67,351,2
67,536,5
67,1225,5
67,1270,5
67,811,5
68,75,4
68,354,4
68,415,5
68,1111,3
69,345,3
69,751,5
69,1051,5
69,568,4
69,1737,5
69,973,4
69,1141,3
69,764,5
69,55,3
69,1037,5
69,1784,3
69,1925,3
69,806,2
69,1015,2
69,1769,5
69,2059,5
69,1597,2
69,199,3
69,148,4
69,2083,2
69,827,5
69,871,2
69,1082,4
69,1355,4
69,102,5
69,679,1
69,389,5
69,1381,4
69,979,5
69,1404,5
69,1282,5
69,5,2
69,1043,5
69,1335,5
69,893,4
69,267,5
69,1212,5
69,2122,5
69,1770,5
69,1114,5
69,1965,5
69,172,5
69,2047,5
69,1873,4
69,1993,2
69,135,5
69,7,5
69,1420,3
69,318,5
69,303,4
69,1240,4
69,36,4
69,869,5
69,2112,5
69,987,5
69,1632,5
69,2084,4
69,2004,4
69,146,3
69,896,5
69,1605,5
69,1522,0
69,1034,4
69,209,2
69,227,4
69,865,5
69,372,5
69,1594,3
69,1636,0
69,2184,5
69,257,5
69,574,2
69,857,5
69,47,5
69,1209,5
69,1913,4
69,1257,3
69,1263,5
70,220,4
70,1752,5
70,539,2
70,877,5
70,1575,4
70,1270,3
70,281,3
70,2068,5
70,1729,5
70,2082,1
70,409,4
70,836,5
70,573,3
70,33,3
70,330,2
70,243,2
70,2175,4
70,1536,4
70,561,5
70,1102,3
70,246,1
70,1461,3
70,500,3
70,699,5
70,512,4
70,1736,5
70,38,5
70,2187,5
70,1610,5
70,239,3
70,145,5
70,901,5
70,1453,3
70,298,4
70,1150,0
70,413,5
70,496,4
70,1967,0
70,354,4
70,2061,1
70,2158,5
71,941,4
71,647,4
71,1730,2
71,1569,3
71,1779,1
71,122,5
71,802,3
71,692,5
71,2193,1
71,1458,3
71,1687,1
71,1675,3
71,254,3
71,1760,5
71,234,5
71,155,3
71,1472,5
72,1550,4
72,718,4
72,2120,3
72,1676,5
72,328,4
72,1536,5
72,1841,5
72,2038,4
72,791,4
72,575,3
72,1298,5
72,212,4
72,193,2
72,923,3
72,494,5
72,528,4
72,593,4
72,1367,5
72,1699,5
72,309,3
72,650,4
72,1639,3
72,635,3
72,1379,5
72,883,5
72,1717,5
72,739,5
72,147,4
72,1353,4
72,299,5
72,1741,3
72,949,2
72,1905,4
72,80,4
72,514,5
72,570,5
72,157,4
72,1311,0
72,1597,4
72,992,1
72,1277,4
72,2135,4
72,477,0
72,1744,5
72,1515,4
72,507,5
72,1139,4
73,200,5
73,8,4
73,1670,3
73,263,5
73,1041,4
73,856,2
73,937,5
73,231,3
73,1163,4
73,835,5
73,1037,4
73,1465,3
73,2201,5
73,1028,4
73,1837,4
73,1382,2
73,2205,5
73,282,1
73,11,4
73,728,5
73,943,3
73,839,4
73,1138,5
73,1743,5
73,1914,4
73,581,2
73,782,5
73,689,5
73,770,1
73,1350,5
73,1797,0
73,1448,5
73,1268,5
73,848,3
73,92,4
73,1510,4
73,1365,5
73,161,3
73,1577,5
73,576,4
73,1049,4
73,418,5
73,1406,5
73,15,2
73,972,1
73,1858,4
73,1828,3
73,601,4
73,170,5
73,793,4
73,680,2
73,1479,4
73,1578,2
73,454,4
73,177,4
73,1696,1
73,182,1
73,1503,2
73,1230,4
73,969,4
73,1184,3
73,1719,4
73,650,5
73,1284,5
73,434,4
73,47,4
73,645,5
73,1699,5
73,110,4
73,648,4
73,470,3
74,87,0
74,125,2
74,394,4
74,1142,5
74,483,4
74,1017,2
74,795,5
74,733,3
74,636,4
74,1954,4
74,2083,4
74,41,1
74,1819,2
74,2095,5
74,732,5
74,1750,5
74,600,5
74,293,3
74,191,5
74,1276,4
74,127,5
74,2055,2
74,1656,4
74,859,4
74,1602,4
74,2045,5
74,1147,3
74,44,0
74,844,2
74,1301,4
75,17,4
75,1789,1
75,1028,5
75,2000,3
75,2152,5
75,1118,2
75,19,4
75,1578,2
75,594,2
75,246,5
75,424,1
75,826,5
75,676,5
75,738,4
75,712,4
75,324,5
75,604,3
75,887,5
75,1746,5
75,92,1
75,525,2
75,1633,5
75,109,5
76,1318,5
76,1831,3
76,1884,5
76,1135,3
76,27,3
76,2078,1
76,429,4
76,130,2
76,1809,4
76,907,0
76,977,4
76,479,2
76,679,3
76,1203,4
76,156,5
76,1383,3
76,2014,2
76,1091,4
76,1758,5
76,1959,5
76,590,4
76,773,4
76,1632,5
76,1499,5
76,800,3
76,1432,4
76,750,4
76,1081,5
76,256,5
76,1202,3
76,481,4
76,484,3
76,1990,4
76,1396,5
76,1043,4
76,326,3
76,651,5
76,1926,3
76,11,2
76,2010,4
76,1362,2
76,823,4
76,1909,5
76,219,4
76,1810,4
76,645,1
76,1724,4
76,1832,4
76,505,5
76,1255,2
76,1629,1
76,1935,5
76,563,3
76,1947,3
76,758,2
76,1710,5
76,1488,2
76,1477,3
76,546,1
76,313,4
76,1919,4
76,46,3
76,938,5
76,1222,5
76,864,4
76,902,1
76,2046,4
76,1261,2
76,610,5
76,1022,2
76,2112,3
76,1555,3
76,1850,4
76,1981,4
77,734,1
77,840,5
77,1819,1
77,1156,4
77,2133,4
77,1699,5
77,1314,3
77,731,3
77,1119,1
77,923,3
77,990,4
77,1154,4
77,903,1
77,70,3
77,410,5
77,858,4
77,1280,5
77,453,4
77,953,4
77,894,3
77,359,2
77,1848,5
77,1115,5
78,1263,4
78,1751,1
78,959,5
78,1158,5
78,1801,3
78,1534,2
78,938,1
78,356,4
78,1588,3
78,1979,5
78,763,4
78,1347,5
79,912,5
79,986,5
79,812,1
79,771,0
79,1716,4
79,2072,1
79,794,5
79,1211,3
79,305,5
79,392,5
79,1637,4
79,449,3
79,969,3
79,621,1
79,2007,5
79,1014,5
79,1751,4
79,2033,5
79,1349,5
79,1926,5
79,1487,5
79,253,5
79,1,5
79,1724,1
79,848,3
79,225,5
79,592,4
79,2114,5
79,1283,5
79,419,4
79,466,3
79,1375,2
79,1439,4
79,1143,5
79,201,5
79,2070,4
79,1639,5
79,1360,4
79,2127,4
79,1486,3
79,1568,4
79,1312,5
79,1654,5
79,1606,4
79,1899,5
79,2017,2
79,705,2
79,2115,2
79,1181,5
79,818,4
79,2009,5
79,574,2
79,1266,4
79,2111,3
79,1604,5
79,289,5
79,1023,5
79,1932,1
79,76,5
79,2037,5
79,1961,2
79,316,4
79,130,2
79,1511,4
79,1605,4
79,38,5
79,2195,3
79,1128,5
79,1422,5
79,784,0
79,935,2
79,109,4
79,362,0
79,958,5
79,881,5
79,17,3
79,1589,1
79,80,5
79,1231,4
79,173,3
80,2115,3
80,438,4
80,1695,5
80,679,5
80,900,5
80,467,5
80,337,4
80,459,1
80,1348,5
80,129,5
80,546,5
80,1197,4
80,199,1
80,491,4
80,678,2
80,1358,5
80,1220,4
80,694,5
80,1607,4
80,1507,3
80,1476,4
80,1798,3
80,987,5
81,569,2
81,792,1
81,703,4
81,1419,5
81,2144,3
81,370,4
81,251,4
81,977,4
81,2003,4
81,388,0
81,1077,5
81,270,5
81,382,5
81,150,5
81,1560,4
81,570,5
81,629,3
81,308,3
81,442,3
81,575,4
81,2189,4
81,314,5
81,803,4
81,671,4
81,166,3
81,1732,1
81,552,5
81,1330,0
81,1333,4
81,1834,5
81,1642,3
81,2026,4
81,32,4
81,543,4
81,183,1
81,2049,5
81,2103,5
81,1600,0
81,1445,5
81,1674,5
81,393,5
81,791,1
81,1689,5
81,1463,5
81,1196,4
81,399,4
81,1599,4
81,1825,1
81,1929,5
81,1639,4
81,1831,5
81,1743,4
81,845,4
81,1612,1
81,338,1
81,2196,5
81,2019,5
81,1712,2
81,1631,5
81,1113,1
81,727,5
81,762,4
81,470,5
81,1246,3
81,1139,3
81,891,4
81,1323,4
81,750,3
81,623,0
81,128,5
81,1282,1
82,1288,4
82,1999,4
82,900,5
82,1939,4
82,585,5
82,1510,5
82,1326,2
82,695,2
82,1752,5
82,1633,5
82,1092,4
82,1223,4
82,31,2
82,1857,5
82,818,4
82,847,5
82,2023,5
82,204,1
82,1267,4
82,1610,4
82,1074,1
82,877,5
82,1650,4
82,1599,1
82,287,4
82,1378,5
82,486,3
82,2126,3
82,1286,3
82,1593,5
82,2159,1
82,761,5
82,503,3
82,171,5
82,1925,5
82,901,4
82,311,3
82,228,3
82,1215,4
82,2188,5
82,1105,1
82,1470,5
82,427,5
82,1003,5
82,673,4
82,1140,5
82,980,3
82,1776,1
82,559,5
82,350,5
82,1467,5
82,1065,4
82,312,5
82,23,4
82,131,5
82,432,5
82,160,5
82,1624,4
82,510,4
82,1634,5
82,1816,2
82,914,5
82,2129,5
82,149,4
82,1297,4
82,1554,4
82,571,2
82,952,3
82,22,4
82,1157,4
82,1365,3
82,1185,5
83,1939,4
83,1708,3
83,30,1
83,209,4
83,1989,5
83,730,5
83,99,3
83,599,5
83,727,5
83,2101,0
83,827,2
83,788,4
83,1922,5
83,924,4
83,1513,3
83,1796,4
83,180,5
83,411,4
83,614,3
83,981,4
83,1697,5
83,1045,5
83,1256,5
84,793,3
84,966,5
84,2182,5
84,1397,4
84,181,5
84,1056,4
84,1305,5
84,960,4
85,1807,5
85,1609,5
85,1085,3
85,683,5
85,1352,3
85,926,3
85,2016,5
85,1387,4
85,1237,4
85,1869,4
85,420,3
85,339,5
85,1858,5
85,1852,5
85,1304,3
85,1920,4
85,403,4
85,651,5
86,882,3
86,592,5
86,2185,0
86,1279,3
86,633,3
86,82,5
86,1849,4
86,98,4
86,2047,5
86,522,4
86,1418,1
86,1443,5
86,1275,3
86,800,4
86,402,4
86,2194,4
86,480,4
86,1992,5
86,1499,2
86,265,4
86,9,1
86,124,3
87,1142,4
87,735,4
87,281,5
87,831,4
87,985,5
87,1685,3
87,786,2
87,1598,4
87,668,4
87,1974,5
87,2096,4
87,277,5
87,1280,2
87,1462,1
87,1023,4
87,818,2
87,1553,5
87,131,4
87,200,5
87,799,5
87,1772,3
87,665,5
87,1295,4
87,868,5
87,663,4
87,1189,1
87,411,2
87,1666,5
87,1141,2
87,652,2
87,981,4
87,1859,4
87,2063,5
87,554,5
87,1398,3
87,514,5
87,1087,4
87,266,4
87,753,4
87,944,4
87,1781,2
87,533,5
87,1621,5
87,66,5
87,1753,4
87,144,5
87,2164,5
87,1797,5
87,410,5
87,816,3
87,2002,3
87,1854,2
87,1741,1
87,772,5
87,2040,1
87,308,4
87,626,3
87,371,4
87,1433,4
87,64,5
87,54,4
88,915,5
88,461,4
88,519,5
88,1386,5
88,451,5
88,1181,4
88,306,4
88,971,4
88,1360,4
88,1941,3
88,250,4
88,1534,5
88,1256,2
88,434,5
88,1904,3
88,407,5
88,271,4
88,1080,3
88,489,5
88,2209,4
88,577,5
88,1103,5
88,1976,3
88,83,4
88,104,4
88,843,4
88,1867,5
88,1954,5
88,1801,4
88,1072,5
88,1539,4
88,2054,5
88,402,4
88,2039,5
88,439,3
88,94,4
88,1833,3
88,2013,4
88,183,5
88,433,3
88,2033,5
88,632,4
88,2199,0
88,397,5
88,1537,5
88,1670,3
88,849,2
88,340,3
88,322,0
88,1078,4
88,597,5
88,1361,3
88,356,5
88,1058,0
88,996,5
88,661,3
88,715,5
88,1907,4
88,285,4
88,1118,5
88,201,5
88,279,2
88,58,5
88,2161,2
88,1035,5
88,1808,4
88,1339,0
88,1469,5
88,302,5
88,1866,5
88,910,4
88,1309,4
89,2137,4
89,2175,5
89,1360,1
89,558,2
89,205,5
89,1672,5
89,310,5
89,1726,5
89,1512,1
89,1869,1
89,1884,5
89,133,5
89,116,1
89,966,3
89,1418,3
89,1504,4
89,92,5
89,2154,4
89,1016,4
89,1026,5
89,1999,2
89,490,5
89,278,2
89,130,4
89,1275,1
89,1479,5
89,1459,5
89,1458,2
89,524,5
89,1343,1
89,1565,4
89,1467,1
89,375,2
89,710,4
89,61,4
89,1875,3
89,2019,5
89,894,4
89,158,3
89,401,5
89,1745,4
89,1097,4
89,1416,4
89,219,4
89,1879,5
89,1667,5
89,1795,3
89,1071,5
89,444,4
89,1453,4
89,477,5
89,676,4
90,2081,5
90,999,1
90,1787,3
90,129,2
90,230,4
90,1482,5
90,572,1
90,2042,4
90,2190,4
90,71,2
90,66,5
90,1121,1
90,615,3
90,1987,4
90,1825,5
90,1365,4
90,758,5
90,1072,4
90,697,5
90,1922,2
90,1953,5
90,1335,4
90,447,4
90,512,4
90,2054,2
90,1935,5
90,254,4
90,1066,5
90,17,5
90,1399,5
90,98,4
90,1232,1
90,248,4
90,1190,4
90,555,1
91,638,5
91,557,2
91,444,4
91,1647,4
91,584,4
91,1842,5
91,138,4
91,1771,5
91,492,5
91,1190,4
91,1003,4
91,985,2
91,2025,3
91,1145,5
91,1680,3
91,5,2
91,61,4
91,113,2
91,1653,4
91,506,3
91,1845,5
91,543,5
91,1384,2
91,168,4
91,1938,3
91,1630,5
91,1562,4
91,393,5
91,2107,5
91,595,5
91,1692,5
91,71,4
91,375,5
91,244,3
91,2022,4
91,1541,5
91,226,4
91,1812,1
91,1027,2
91,1030,3
91,151,4
91,1764,4
91,717,5
91,2158,5
91,462,1
91,98,3
91,159,5
91,289,0
91,586,5
91,1932,4
91,1606,2
91,2137,2
91,918,4
91,1470,3
91,1251,5
91,377,4
91,357,5
91,38,5
92,39,5
92,760,4
92,611,5
92,871,5
92,1502,5
92,220,4
92,913,1
92,907,5
92,484,4
92,430,4
92,1003,4
92,1880,5
92,425,4
92,874,2
92,444,5
92,334,5
92,1716,4
92,2094,5
92,1495,5
92,137,0
92,1392,2
92,1319,3
92,2184,4
92,1116,3
92,1814,5
92,924,2
92,1160,1
92,2058,3
92,65,4
92,1587,2
92,1410,4
92,1157,2
92,333,5
92,551,2
92,927,5
92,2155,2
92,1285,4
92,4,3
92,1974,2
92,867,5
92,408,3
92,548,5
92,1348,5
92,640,4
92,1524,4
92,841,5
92,315,2
92,965,4
92,1450,4
92,1286,1
92,1545,5
92,623,2
92,710,3
93,813,3
93,1569,5
93,659,5
93,2059,4
93,1013,5
93,1733,0
93,438,5
93,1959,2
93,423,4
93,1682,5
93,123,5
93,1625,2
93,1644,3
93,456,5
93,1357,5
93,380,5
93,1961,4
93,1289,4
93,878,4
93,1186,1
93,2160,5
93,1498,4
93,1930,4
93,1675,4
93,1004,3
93,1835,5
93,829,2
93,1033,2
93,1624,5
93,1454,2
93,580,4
93,248,1
93,1006,5
93,1860,4
93,1665,4
93,811,3
93,573,4
93,604,5
93,270,5
93,1222,3
94,59,4
94,1856,4
94,815,2
94,1347,5
95,1865,5
95,693,5
95,1403,2
95,1318,5
95,597,4
95,503,5
95,998,3
95,2128,3
95,1581,5
95,800,5
95,988,2
95,253,3
95,2045,5
96,1547,1
96,1778,5
96,1467,5
96,4,2
96,983,5
96,1219,5
96,766,2
96,1425,5
96,1285,3
96,1974,3
96,1616,3
96,2065,3
96,736,5
96,1595,5
96,2086,3
96,362,4
96,97,5
96,746,4
96,1172,5
96,1253,4
96,48,5
96,2094,0
96,2073,4
96,142,3
96,2148,5
96,1370,3
96,454,5
96,1092,4
96,392,2
96,697,0
96,2164,3
96,45,5
96,287,4
96,1349,1
96,1442,2
96,2113,5
96,211,0
96,842,3
96,1746,3
96,521,5
96,1920,5
96,1982,4
96,1907,5
96,821,5
97,1340,1
97,965,5
97,135,3
97,1610,3
97,912,4
97,1795,4
97,446,2
97,917,5
97,1734,4
98,480,4
98,1428,4
98,1930,4
99,890,3
99,516,4
99,1010,2
99,745,4
99,1237,5
99,93,0
99,788,2
99,443,5
99,1100,5
99,412,5
99,1341,3
99,804,4
99,1378,2
99,1502,3
99,1828,4
99,1122,5
100,1897,3
100,1936,4
100,1272,2
100,1420,5
100,649,3
100,866,3
100,2041,2
100,1290,5
100,1010,4
100,229,5
100,59,5
100,2141,2
100,1711,5
100,2204,5
100,2043,4
100,286,5
100,1343,2
100,181,3
100,597,5
100,1201,2
100,2094,4
100,1799,5
100,1075,5
100,138,1
100,566,2
100,67,3
100,1804,0
100,290,4
100,828,5
100,1436,3
100,1164,4
100,362,5
100,2138,4
100,247,3
100,1647,5
100,677,1
100,2061,5
100,2010,4
101,350,1
101,2197,5
101,395,4
101,2043,5
101,1692,5
101,1155,5
101,896,5
101,1728,0
101,1097,4
101,1904,5
101,1082,2
101,81,2
101,1163,5
101,1059,2
101,479,5
101,1306,5
101,1829,5
101,127,3
101,323,5
101,685,5
101,189,2
101,1941,1
101,1909,4
101,1249,1
101,247,3
101,297,5
101,131,0
101,954,5
101,286,3
101,75,3
101,672,1
102,1131,5
102,1552,3
102,1537,3
102,43,3
102,1178,3
102,2117,0
102,1669,5
102,541,4
102,1147,4
102,2138,1
102,1784,2
102,1806,5
102,1971,3
102,386,2
102,1009,4
102,722,4
102,329,5
102,407,5
102,1182,5
102,2098,4
102,178,3
102,1073,5
102,2105,4
102,1159,5
102,1057,1
102,1292,3
102,709,5
102,504,5
102,1045,5
102,1698,5
102,207,5
102,2198,5
102,1407,5
102,630,4
102,519,2
102,1191,2
102,1619,4
102,1676,5
102,1966,5
102,468,2
102,1091,1
102,886,2
102,677,5
102,1315,3
102,360,3
102,306,5
102,216,4
103,273,5
103,265,4
103,1424,5
103,540,5
103,290,2
103,1658,1
103,1140,5
103,1695,3
103,783,1
103,792,1
103,702,5
103,1855,5
103,418,4
103,559,3
103,1797,1
103,1942,3
103,389,0
103,1254,4
103,1671,5
103,1030,1
103,398,5
103,143,1
103,791,5
103,1361,5
103,913,4
103,1251,5
103,81,5
103,695,4
103,170,4
103,1846,3
103,1074,5
103,549,5
103,233,5
103,1342,3
103,2186,4
103,93,5
103,320,2
103,1976,4
103,1441,5
103,1545,3
103,2172,3
103,1188,5
103,1333,4
103,18,2
103,1576,4
103,897,4
103,1267,4
103,892,5
103,1624,4
103,2140,0
103,635,5
103,987,4
103,1328,5
103,1615,4
103,541,4
103,116,4
103,1193,5
103,641,2
103,178,1
103,315,4
103,1362,4
103,1779,5
103,1094,4
103,1505,4
103,1288,2
103,1295,4
103,826,1
103,2075,5
103,575,4
103,1101,3
103,1544,3
103,284,5
103,1319,5
103,1435,5
103,1557,5
104,124,1
104,371,4
104,1938,4
104,303,5
104,912,5
104,1298,5
104,594,4
104,1459,5
104,1046,5
104,795,2
104,378,4
104,1801,4
104,1373,4
104,855,4
104,313,5
104,2058,5
104,1643,4
104,3,4
104,1723,4
104,101,1
104,2121,2
104,1862,5
104,407,4
104,1975,3
104,253,3
104,1126,5
104,2101,5
104,1404,4
104,540,5
104,1440,5
104,1900,4
104,1712,4
104,1043,5
104,724,4
104,1428,2
104,412,4
104,1016,5
104,653,5
104,408,4
104,880,2
104,1219,5
105,22,5
105,1317,2
105,1601,4
105,1545,2
105,837,2
105,1013,4
105,413,3
105,1930,5
105,1464,4
105,323,5
105,1670,5
105,1630,5
106,2079,4
106,783,4
106,1503,4
106,1987,4
106,1804,4
106,2163,4
106,1093,2
106,1518,3
106,1095,3
106,115,3
106,1554,4
106,206,1
106,1456,4
106,793,5
106,2041,5
106,217,5
106,598,5
106,425,4
106,1758,4
106,1460,5
106,821,5
106,414,5
106,1405,4
106,160,5
106,1768,1
106,1030,3
106,705,4
106,1105,5
106,1492,2
106,1781,4
106,1220,4
106,349,0
106,369,1
106,2144,3
106,737,4
106,1664,5
106,1397,4
106,988,5
106,68,5
106,1085,3
106,1162,3
106,2022,1
107,1375,4
107,1990,5
107,86,5
107,2119,4
107,1985,5
107,165,5
107,1322,5
107,1430,5
107,1635,4
107,2167,1
107,2138,3
107,1617,5
107,1333,3
107,1737,5
107,1853,5
107,386,3
107,901,5
107,565,4
107,1517,4
107,503,5
107,390,0
107,1862,5
107,709,5
107,1070,5
107,735,2
107,2029,3
107,1852,2
108,447,4
109,1982,4
109,1673,4
109,2191,3
109,2075,2
109,370,4
109,2206,3
109,96,4
109,614,2
109,1997,5
109,1491,4
109,199,5
109,441,4
109,1160,5
109,688,5
109,1397,3
109,670,5
109,1540,3
109,383,3
109,1289,5
109,1733,4
109,630,3
109,204,3
109,1653,5
109,1780,5
109,997,5
109,951,4
109,779,5
109,2099,1
109,743,4
109,110,5
109,729,5
109,389,2
109,1191,5
109,2156,1
110,783,5
110,169,5
110,723,3
110,776,4
110,1732,4
110,1396,0
110,266,2
110,288,2
111,590,1
111,312,4
111,1578,4
111,1363,1
111,1404,2
111,47,3
111,126,5
111,1940,5
111,1149,2
111,1840,1
111,1936,5
111,1680,3
111,134,3
111,3,4
111,1086,3
111,1228,5
111,1226,1
111,2008,5
111,1442,4
111,769,4
111,53,5
111,630,5
111,1843,5
111,1275,4
111,799,2
111,757,4
111,107,4
111,1498,5
111,256,4
111,250,4
111,823,4
111,1916,2
111,922,4
112,1795,5
112,1160,1
112,1778,4
112,2140,1
112,609,2
112,1491,5
112,16,4
112,1190,2
112,1709,5
112,1756,3
112,2103,3
112,244,5
112,1106,2
112,2124,2
112,1591,5
112,1296,5
112,598,3
112,493,3
112,1945,5
112,1643,4
112,1047,1
112,1519,1
112,945,4
112,1565,5
112,231,4
112,1488,3
112,361,3
112,726,3
112,1167,4
112,1947,5
112,2081,5
112,1769,3
112,2142,4
112,1775,5
112,371,5
112,2101,2
112,655,4
112,2120,5
112,820,4
112,706,5
112,1299,5
112,368,5
112,1992,3
112,107,4
112,704,5
112,935,4
112,1617,4
112,400,5
112,1058,4
112,1001,3
112,1336,3
112,1679,2
112,129,3
112,227,4
112,2017,4
112,695,1
112,1509,4
112,2198,5
112,26,3
112,151,4
112,1293,5
112,414,4
112,1391,5
112,591,4
112,714,4
112,878,4
112,1386,5
112,863,1
112,93,4
112,427,5
112,1134,3
112,343,3
112,1951,1
112,1653,5
112,942,3
112,491,3
112,1823,5
112,1424,3
113,1861,1
113,636,4
113,1324,5
113,2041,3
113,325,4
113,214,5
113,2163,4
113,1996,1
113,1574,5
113,340,4
113,1335,4
113,348,2
113,938,5
113,2085,1
113,1664,3
113,755,4
113,945,3
113,515,2
113,567,2
113,1787,5
113,1425,5
113,110,4
113,178,5
113,432,4
113,399,5
113,660,5
113,781,2
113,1946,0
113,1024,3
113,1872,4
113,1310,2
113,1636,5
113,1887,5
113,1506,4
113,1800,4
113,2030,3
113,1796,4
113,158,2
113,921,4
113,1519,3
113,468,4
113,614,5
113,1198,4
114,2149,5
114,1136,4
114,1871,3
114,1756,4
114,1902,5
114,2104,5
114,997,1
114,1011,5
114,223,4
114,320,3
114,1537,1
114,1667,5
114,2011,5
114,702,5
114,1434,5
114,1385,4
114,86,5
114,1881,5
114,1742,4
114,540,5
114,1012,4
114,1081,5
114,1980,5
114,9,1
114,56,5
114,69,2
114,1937,3
114,801,4
114,727,4
114,735,2
114,2165,4
114,282,2
114,2092,1
114,1523,3
114,643,4
114,2039,4
114,1429,4
114,1568,3
114,749,5
114,1598,3
114,1426,2
114,1750,5
114,2136,3
114,457,4
114,2209,3
114,2097,3
114,2070,2
114,2040,5
114,1625,4
114,382,5
114,804,4
114,306,3
114,194,5
114,715,2
114,1715,3
114,394,5
114,447,4
114,50,5
114,731,2
114,149,1
114,787,2
115,1161,5
115,1235,2
115,1837,4
115,1575,5
115,2153,4
115,1287,3
115,1884,5
115,967,4
115,1345,5
115,260,3
115,984,5
115,1246,5
115,1414,3
115,877,4
115,445,5
115,1329,2
115,1288,4
115,51,4
115,284,2
115,1702,5
115,1226,5
115,808,4
115,180,3
115,2092,4
115,611,5
115,1327,5
115,1765,3
115,1829,5
115,2012,4
115,1336,5
116,1579,3
116,685,4
116,2067,3
116,1735,3
116,1384,1
116,508,4
116,254,5
116,1281,4
116,1604,5
116,1634,4
116,626,4
116,1952,5
116,2020,5
116,2144,2
116,28,4
116,1317,4
116,1107,5
116,2131,5
116,784,1
116,1496,5
116,757,5
116,2071,3
116,1196,4
116,234,5
116,1960,4
116,43,5
116,2106,4
116,1944,3
116,572,5
116,870,4
116,921,3
116,1568,5
116,1434,5
116,591,5
116,1976,5
116,504,3
116,972,4
116,766,2
116,132,3
116,262,4
116,185,4
116,21,5
116,293,4
116,88,4
116,1706,5
116,1542,2
116,271,4
116,1486,5
116,1566,5
116,1740,5
116,116,5
116,965,5
116,1977,1
116,708,5
116,1600,5
116,151,4
116,1154,2
116,329,4
116,20,5
116,436,5
116,1418,5
116,1152,5
116,1777,5
116,1187,4
116,1993,0
117,415,2
117,1949,5
117,1752,4
117,133,5
117,1729,4
117,910,4
117,85,5
117,1117,5
117,908,5
117,745,5
117,825,5
117,137,3
117,642,2
117,1285,4
117,69,4
117,1823,3
117,2124,5
117,1535,4
117,1648,2
117,1111,3
117,331,3
117,1751,4
117,532,3
117,1714,4
117,1658,3
117,1928,3
117,684,2
117,1959,1
117,617,4
117,1640,4
117,162,1
117,1717,4
117,1896,4
117,167,4
117,967,5
117,387,1
117,1210,4
117,1153,4
117,528,4
117,560,3
117,1832,4
117,957,4
117,1611,3
117,978,5
117,772,4
117,1128,5
117,1219,3
117,2046,5
118,1846,4
118,1080,5
118,258,4
118,1553,0
118,781,2
118,1728,2
118,474,4
118,1894,4
118,1845,1
118,2014,4
118,1268,1
118,1596,3
118,1727,2
118,172,2
118,1041,5
118,565,4
118,929,5
118,712,5
118,126,3
118,1850,3
118,1762,5
118,1806,4
118,1271,5
118,1174,2
118,2028,0
118,1018,4
118,118,4
118,2203,5
118,2199,4
118,1716,5
118,1878,5
118,1872,4
118,1895,5
118,1718,2
118,961,5
118,1081,5
118,2055,1
118,1664,4
118,1183,4
118,339,4
118,907,5
118,1794,4
118,272,5
118,564,5
118,696,5
118,1215,5
118,1677,5
118,1559,4
118,2133,2
118,1106,0
118,296,4
118,1194,3
118,322,5
118,551,5
118,1388,1
118,822,4
118,384,3
118,1188,5
118,144,4
118,1852,5
118,1245,4
118,1616,1
118,1255,3
119,448,2
119,1712,4
119,1881,5
119,1172,2
119,742,5
119,694,0
119,957,4
119,644,3
119,1253,2
119,1340,3
119,636,4
119,492,3
119,331,3
119,1935,3
119,1846,5
119,1665,4
119,1111,4
119,70,4
119,898,5
119,1178,3
119,1469,5
119,1329,5
119,169,4
119,956,5
119,860,5
119,775,4
119,242,3
119,529,5
119,1167,5
119,383,4
119,73,4
119,493,4
119,2052,4
119,542,4
119,1562,2
119,782,4
119,1181,4
119,553,3
120,780,4
120,232,1
120,560,5
120,604,4
120,1099,3
120,1379,1
120,2176,4
120,291,5
120,1284,5
120,1156,4
120,1481,4
120,119,5
120,2098,5
120,196,4
120,2154,3
120,487,5
120,1186,4
120,2086,1
120,1880,3
120,1384,4
120,2001,4
120,1090,3
120,561,4
120,1622,3
120,117,5
120,944,3
120,1674,3
120,412,4
120,673,5
120,1450,4
120,562,5
120,1520,5
120,2128,4
120,954,5
120,605,1
120,690,4
120,63,5
120,1928,3
120,1892,4
120,1685,4
120,1770,3
120,1242,5
120,1124,5
120,1248,5
120,860,5
120,880,5
120,1159,5
120,595,4
120,1041,3
120,28,4
120,2203,4
120,1554,5
120,621,5
120,2168,4
120,1506,4
120,2116,1
120,1068,2
120,1389,5
120,1996,3
120,1500,2
120,757,2
120,270,1
120,1919,1
120,1681,4
120,881,4
120,2013,5
120,115,5
120,215,3
120,1940,1
120,1244,4
120,355,3
120,1208,3
120,526,1
120,365,2
120,208,3
120,1582,2
120,1086,2
120,45,5
120,222,1
121,1661,5
121,282,5
121,885,3
122,281,4
122,2147,4
122,1097,5
122,1789,2
122,941,4
122,816,5
122,2156,5
122,1355,2
122,250,5
122,390,1
122,400,2
122,1103,2
122,1546,5
122,269,5
122,122,5
122,2139,5
122,152,5
122,1159,5
122,1084,0
122,1563,5
122,676,4
122,1202,4
122,1958,5
122,20,3
122,1741,3
122,121,4
122,125,5
122,1356,4
122,1321,5
122,787,2
122,995,5
122,2036,5
122,1602,3
122,610,2
122,668,4
122,1045,4
122,828,5
122,765,5
122,1175,3
122,1449,2
122,646,4
122,1494,4
122,1416,4
122,1151,5
122,708,3
122,2026,1
122,1389,4
122,1897,2
122,917,3
122,558,2
122,1199,5
122,197,5
122,230,4
122,771,5
122,1116,5
122,1374,5
122,517,2
122,1798,1
122,1620,5
122,1861,5
122,358,5
122,1564,1
122,471,5
122,903,2
122,1206,4
122,360,5
122,972,5
122,716,4
122,1266,4
122,1028,4
122,824,3
122,249,2
122,2034,4
122,746,5
122,1414,3
122,39,5
122,567,5
123,1902,4
123,1006,3
123,292,4
123,1472,5
123,2143,4
123,720,4
123,1547,4
123,746,3
123,1251,4
123,647,1
123,1963,5
123,689,4
123,1185,4
123,1226,2
123,119,3
123,1518,1
123,2164,4
123,992,2
123,405,5
123,2207,3
123,249,5
123,1328,5
123,316,0
123,2055,2
123,1048,5
123,1002,4
123,1392,3
124,170,1
124,515,5
124,1369,1
124,2030,5
124,892,3
124,802,3
124,381,3
124,10,0
124,1544,4
124,720,4
124,2016,4
124,822,4
124,1005,2
124,656,1
124,7,4
124,1896,4
124,685,3
124,549,5
124,639,3
124,1888,5
124,1831,5
124,472,4
124,1723,1
124,1529,5
124,561,5
124,456,4
124,89,2
124,29,3
124,1177,4
124,663,4
124,1055,4
124,168,5
124,1766,5
124,1964,5
124,1469,4
124,2089,1
124,152,2
124,809,4
124,839,5
124,846,5
124,318,5
124,1868,5
124,1771,5
124,767,3
124,1546,2
124,572,4
124,500,4
124,212,2
124,56,4
124,24,5
124,799,4
124,1904,5
124,1938,4
124,1876,4
124,564,2
124,1454,3
124,1747,4
124,2119,2
124,182,5
124,1825,0
124,544,5
124,1354,4
124,309,4
124,788,4
124,1995,5
125,2027,4
125,1680,5
125,173,5
125,1929,5
125,1812,4
125,994,5
125,1621,2
125,278,4
125,2000,4
125,367,0
125,243,2
125,2048,5
125,1509,3
125,2140,4
125,377,1
125,6,5
125,404,4
125,670,4
125,1738,4
125,490,3
125,929,5
125,1977,5
125,2076,4
125,2039,5
125,1466,5
125,1749,3
125,646,1
125,1088,4
125,1837,4
125,612,5
125,448,5
125,443,4
125,194,1
125,343,5
125,205,4
125,1995,5
125,1421,5
125,2148,3
125,722,5
125,1820,3
125,1542,5
125,435,1
126,1069,4
126,587,4
126,159,1
126,537,3
126,2208,4
126,905,5
127,29,5
127,1099,5
127,1431,4
127,1104,5
127,2073,3
127,498,4
127,1940,3
127,205,3
127,305,5
127,1683,5
127,164,5
127,632,1
127,1062,4
127,893,0
127,1543,5
127,741,5
127,4,3
127,1933,1
127,259,5
127,283,5
127,616,2
127,1700,0
127,2152,5
127,1640,4
127,2205,5
127,229,4
127,834,4
127,473,4
127,1645,3
127,325,5
127,1758,5
127,1977,4
127,196,1
127,2102,5
127,810,4
127,1623,4
127,1561,5
127,795,5
127,1018,5
127,2150,2
127,1208,5
127,424,4
127,1007,5
127,1638,3
127,643,3
127,797,2
127,1492,2
127,1924,4
127,1133,3
127,1572,1
127,192,2
127,1848,3
127,458,4
127,1016,5
127,1859,5
127,2192,3
127,1528,3
127,1890,4
127,748,3
127,2067,2
127,858,5
127,1427,4
127,213,5
127,241,5
127,1017,1
127,1746,4
127,627,2
127,1060,4
127,1047,2
127,118,5
127,1596,5
127,921,3
127,1538,5
127,411,4
127,1293,5
127,1057,4
127,1880,5
127,2104,5
127,1729,1
127,1525,3
128,1946,5
128,1943,4
128,2194,3
128,112,4
128,1897,5
128,1923,5
128,770,2
128,854,5
128,1657,5
128,473,3
128,810,1
128,1893,4
128,350,4
130,1613,4
130,427,3
130,644,5
130,1556,2
130,176,4
130,1258,5
130,494,2
130,1042,4
131,919,4
131,1403,4
131,821,3
131,632,5
131,583,5
131,1703,4
131,12,4
131,1466,4
132,1378,2
132,224,4
132,1713,4
132,1508,4
132,611,4
132,975,5
132,1164,4
132,2207,5
132,610,5
132,1474,4
132,1924,1
132,552,4
132,488,4
132,722,3
132,1483,4
132,46,4
132,2002,4
132,142,3
132,2025,5
132,517,3
132,353,5
132,1805,5
132,492,5
133,659,5
133,1206,1
133,1166,4
133,523,5
133,916,5
133,1856,5
133,1449,4
133,1687,5
133,953,5
133,20,5
133,53,5
133,126,5
133,1747,5
133,1649,2
133,928,5
133,366,4
133,807,4
133,1621,5
133,218,5
133,1247,4
133,1990,1
133,878,4
133,1616,1
133,1614,4
133,1031,2
133,1498,4
133,1191,5
133,417,3
133,2105,5
133,516,1
133,721,4
133,1544,2
133,27,4
133,631,4
133,781,4
133,466,4
133,978,5
133,2021,5
133,1690,4
133,638,2
133,1913,4
133,537,5
133,1042,5
133,1748,3
133,2049,5
133,1214,5
133,1,5
133,554,4
133,641,5
133,2062,2
133,836,0
133,13,4
133,1928,2
133,420,1
133,89,4
133,1783,5
133,370,2
133,1239,3
133,1036,5
133,1995,3
134,179,4
134,1967,5
134,847,3
134,1652,1
134,2026,1
134,2084,5
134,1903,3
134,1075,2
134,1785,5
134,1177,5
134,689,4
134,996,5
134,542,2
134,128,1
134,159,5
134,1820,5
134,1915,4
134,898,5
134,1596,5
134,1811,5
134,1735,5
134,713,4
134,568,5
134,1943,5
134,510,5
134,464,4
134,1166,4
134,1339,2
134,1827,4
134,874,5
134,1509,2
134,866,5
134,1563,3
134,895,1
134,925,3
134,295,4
134,2187,5
134,2080,5
134,1773,5
134,659,5
134,2146,4
134,2089,1
134,1031,1
134,1017,5
134,1131,5
134,953,5
134,2108,5
134,911,5
134,628,2
134,670,4
134,1765,2
134,1209,3
134,1022,4
134,891,3
134,826,4
134,678,4
134,1165,2
134,1400,5
134,671,5
134,885,5
134,985,1
135,1892,3
135,1702,5
135,1260,4
135,652,2
135,782,4
135,1560,4
135,1500,3
135,466,1
135,1363,4
135,2018,3
135,65,5
135,2201,4
135,121,4
135,838,4
135,1631,3
135,713,5
135,1199,4
135,1018,5
135,2162,3
135,1366,4
135,982,5
135,26,5
135,237,5
135,220,2
135,1826,5
135,74,4
135,346,4
135,174,1
135,810,5
136,765,5
136,171,5
136,889,2
136,1724,5
136,1102,5
136,537,1
136,383,2
136,1970,2
136,108,1
136,2116,5
136,824,4
136,862,3
136,825,4
136,1312,1
136,2005,4
136,602,1
136,741,4
136,1496,4
136,710,4
136,1326,5
136,577,5
136,1412,2
136,553,4
136,1916,5
136,1271,5
136,644,5
136,1890,5
136,1764,4
136,366,4
136,777,4
136,1626,4
136,661,4
136,666,4
136,35,5
136,465,4
136,997,5
136,1749,2
136,749,4
136,1627,3
136,983,2
136,1850,1
136,657,4
136,576,1
136,990,1
136,1207,5
136,967,5
136,2188,4
136,648,4
136,767,5
136,1993,5
136,1162,5
136,1195,4
136,993,3
136,1501,5
136,1309,4
136,853,1
136,1696,3
136,1652,5
136,731,3
136,1218,4
136,596,1
136,1298,1
136,233,4
136,1877,2
136,1035,5
136,55,5
136,1466,4
137,2034,5
137,73,2
137,2017,1
137,450,2
137,1631,4
138,2208,4
138,662,4
138,2072,2
138,528,3
138,188,5
138,2142,0
138,890,3
138,971,3
138,373,2
138,2116,5
138,1543,4
138,792,2
138,8,3
138,522,3
138,1242,5
138,1299,5
138,415,5
138,1606,4
138,1550,4
138,259,2
138,1700,5
138,1738,2
138,2109,4
138,298,4
138,1704,4
138,238,4
138,1557,3
138,475,3
138,1748,2
138,461,2
138,354,2
138,1042,0
138,1207,5
138,1332,3
138,1148,5
138,1627,3
138,1439,1
138,852,4
138,453,2
138,2166,3
138,974,3
138,1936,3
138,565,5
138,1162,4
138,1697,3
138,0,5
138,1490,4
138,850,1
138,264,3
138,70,3
138,237,5
138,983,4
138,1611,2
138,65,5
138,1574,3
138,1211,5
138,1478,4
138,302,4
138,988,5
138,1132,4
138,413,1
138,1108,4
138,1020,4
138,433,0
138,446,1
138,123,5
138,822,4
138,83,5
138,1430,5
139,1429,1
139,588,3
139,909,5
139,1323,4
139,225,4
139,850,5
139,198,5
139,526,5
139,1026,5
139,1451,1
139,2080,5
139,263,5
139,396,4
139,381,5
139,204,1
139,42,4
140,502,4
140,416,5
140,486,4
140,1457,5
140,1682,4
140,119,2
140,2001,3
140,1648,4
140,706,3
140,232,4
140,133,1
140,396,5
140,1654,4
140,628,5
140,1783,3
140,607,4
140,400,5
140,430,5
140,1821,4
140,240,4
140,104,5
140,1579,5
140,1777,3
140,1290,5
140,2005,5
140,1233,2
140,956,5
140,693,5
140,842,4
140,1059,3
140,1949,5
140,1122,4
140,49,1
140,1267,5
140,1583,0
140,453,2
140,1879,1
140,899,1
140,327,4
140,571,3
140,1195,5
140,775,5
140,522,4
140,1164,4
140,1100,4
140,1104,2
140,1444,5
140,2168,5
140,345,3
140,426,4
140,1107,2
140,1530,4
140,1703,3
140,688,4
140,1878,5
140,943,1
140,1535,3
140,361,4
140,1876,3
140,1377,5
140,2052,5
140,1132,4
140,2018,4
140,1170,2
140,174,3
140,2108,4
140,21,4
140,1822,5
140,886,2
140,7,4
140,752,5
141,501,5
141,1134,4
141,1619,5
141,519,4
141,811,3
141,785,2
141,699,4
141,680,4
141,1490,2
141,1452,5
141,1759,0
141,28,4
141,494,2
141,1656,4
141,1964,2
141,433,5
141,1894,2
141,1714,5
141,341,3
141,1332,1
141,506,5
141,951,4
141,1002,5
141,1558,0
141,1821,4
141,35,2
141,1214,4
141,203,2
141,1637,0
141,684,5
141,1067,5
141,827,5
141,607,5
141,2103,3
141,1104,5
141,1351,4
141,780,5
141,1508,3
141,1276,2
141,1659,1
141,1304,1
141,974,5
141,1905,2
141,264,5
141,471,5
141,1636,3
141,1155,5
141,1978,5
141,164,3
141,40,4
141,90,4
141,1540,3
141,1674,5
141,1358,5
141,1019,1
141,1693,4
141,627,2
141,1628,5
141,718,4
141,1060,2
141,1123,2
141,2007,3
141,1810,4
141,1853,5
141,819,4
141,2060,5
141,2086,2
141,1439,3
141,2063,1
141,2029,4
141,106,5
141,1819,4
141,2088,2
141,351,3
141,1638,3
141,2001,5
141,1802,4
141,1552,3
142,917,4
142,560,5
142,2079,5
142,2062,2
142,1395,4
142,12,1
142,613,5
142,1955,3
142,1713,4
142,2166,4
142,1725,2
142,930,3
142,797,5
142,279,4
142,1691,5
142,1513,4
142,942,4
142,440,2
142,2052,5
142,929,5
142,1929,2
142,196,3
142,961,2
142,1125,5
142,179,4
142,2061,1
142,2031,5
142,1645,4
142,1437,5
142,1803,5
142,1374,5
142,1655,4
142,1579,4
142,198,4
142,450,5
142,995,3
142,292,5
142,274,4
142,1577,0
142,2142,3
142,2119,4
142,1957,4
142,1199,5
142,1918,5
142,1052,2
142,955,4
142,1212,5
142,40,4
142,1685,4
142,2048,4
142,2089,4
142,1134,5
142,928,4
142,1069,5
142,161,1
142,745,2
142,1812,2
143,1,5
143,1576,2
143,2087,5
143,1644,1
143,1923,1
143,327,4
143,186,3
143,2032,4
143,2166,5
143,1877,2
143,84,4
143,916,5
143,1441,4
143,889,4
143,36,5
143,1287,2
143,1721,5
143,1704,5
143,25,3
143,1891,4
143,1627,2
143,101,4
143,549,3
143,794,4
143,1407,5
143,1775,2
143,750,5
143,1168,4
143,520,3
143,340,0
143,905,4
143,956,5
143,1924,4
144,588,2
144,1612,4
144,649,2
144,1163,2
144,1558,5
144,1861,1
144,998,5
144,989,0
144,1171,2
144,1693,4
144,1273,4
144,434,4
144,288,5
144,1970,5
144,2210,3
144,37,3
144,25,4
144,1184,4
144,675,4
144,2158,5
144,1264,5
144,876,1
144,925,1
144,104,5
144,2012,3
144,798,4
144,16,5
144,329,5
144,114,5
144,53,5
144,1463,3
144,934,4
144,175,4
144,347,4
144,1725,5
144,1827,3
144,1786,0
145,951,5
145,1059,4
145,1399,3
145,1202,5
145,333,0
145,1090,4
145,37,5
145,443,5
145,1127,3
145,1393,5
145,1136,4
145,2160,3
145,1786,5
145,955,2
145,741,4
145,1505,3
145,1811,2
145,1073,3
145,1126,5
145,736,4
145,982,4
145,213,2
145,1684,4
145,294,1
145,504,4
145,1727,1
146,1001,5
146,1522,5
146,1437,2
146,852,2
146,364,3
146,855,4
146,1785,5
146,1020,1
146,642,2
146,571,1
146,824,1
146,426,5
146,1811,5
146,186,2
146,357,2
146,1143,3
146,1341,5
146,1055,2
146,1221,4
146,1089,4
146,12,4
146,1715,5
146,1243,3
146,496,5
146,1463,5
146,1213,2
146,1507,5
146,341,2
146,2159,5
146,1233,1
146,16,2
146,1550,5
146,832,4
146,1035,5
146,1867,5
146,654,4
146,1595,5
146,551,4
146,807,1
146,42,1
146,84,0
146,947,5
146,1533,5
146,547,5
146,2170,5
146,482,3
146,700,1
146,264,5
146,1231,5
146,732,1
146,90,5
146,1829,5
146,31,4
146,1521,1
146,1296,5
146,1828,4
146,1900,4
146,778,4
146,106,4
146,2000,4
146,1187,1
146,1826,4
146,1683,5
146,2155,5
146,1057,5
146,662,0
146,620,4
146,1108,3
146,703,1
146,252,2
146,553,2
146,2171,4
146,358,4
146,596,5
146,1731,3
146,2053,5
147,1100,5
147,26,5
147,486,4
147,706,5
147,1423,5
147,2060,5
147,1821,4
147,417,4
147,1341,3
147,234,3
147,344,4
147,374,5
147,1933,2
147,1677,5
147,704,1
147,742,5
147,2173,5
147,984,4
147,1874,5
147,1178,4
147,1436,2
147,1540,5
147,940,4
147,1563,1
147,1372,2
147,1702,5
147,798,4
147,567,5
147,1105,5
147,398,5
147,589,5
147,1179,2
147,918,5
147,421,5
147,343,5
147,1321,5
147,1232,3
147,74,2
147,218,3
147,364,3
147,384,4
147,1370,4
147,291,5
147,1525,2
147,2146,5
147,1245,1
147,2023,2
147,1868,4
147,1479,2
147,1693,1
147,1792,3
147,58,5
147,1357,5
148,1525,2
148,832,3
148,2032,2
148,2012,3
148,600,4
148,1844,5
148,346,4
148,1889,5
148,1706,3
148,1350,4
148,1684,4
148,198,5
148,1126,3
148,1855,5
148,142,5
148,753,5
148,991,4
148,1546,4
148,1813,3
148,197,5
148,105,1
148,285,2
148,228,4
148,940,5
148,425,4
148,1898,5
148,2036,4
148,245,4
148,2204,4
148,1478,2
148,865,2
148,1182,4
148,1067,5
148,226,5
148,63,4
148,1062,5
148,1635,4
148,1334,4
148,1549,1
148,1648,1
148,777,4
148,998,4
148,946,5
148,1468,2
148,1195,5
148,175,5
148,1444,4
148,2120,5
148,1517,5
148,626,5
148,637,3
148,1314,1
148,1601,0
148,424,5
148,127,5
148,797,3
148,394,4
148,58,3
148,909,5
148,114,2
148,1944,2
148,1238,5
148,891,5
148,1691,2
148,975,3
148,1566,4
148,1521,4
148,1436,5
148,1216,5
148,861,5
148,2100,4
148,1513,1
148,1571,4
148,873,5
148,1868,3
148,933,5
148,1435,0
148,1539,3
148,755,1
149,649,3
149,1637,4
149,2109,4
149,440,5
149,1511,4
149,879,3
149,83,2
149,940,5
149,1358,3
149,2096,4
149,1792,5
149,2050,2
149,1377,5
149,174,5
149,223,4
149,1549,5
149,530,4
149,865,4
149,1410,4
149,1738,4
149,768,3
149,272,4
149,835,3
149,1733,4
149,1874,2
149,915,1
149,532,5
149,262,5
149,1640,4
149,721,5
149,925,2
149,348,5
149,359,3
149,1136,5
149,911,4
149,1953,2
149,1334,3
149,432,5
149,168,4
149,1875,5
149,692,0
149,1552,4
149,2136,5
149,789,4
149,1592,1
149,1419,2
149,655,4
149,523,5
149,1254,5
149,388,4
149,21,5
149,616,5
149,904,3
149,845,4
150,2,5
150,1327,5
150,993,3
150,1148,4
150,1166,5
150,1585,5
150,1966,5
150,1243,3
150,939,5
150,784,5
150,1891,1
150,755,1
150,189,4
151,1687,1
151,1325,1
151,752,3
151,627,2
151,2031,4
151,1431,5
151,688,4
151,677,5
151,139,3
151,624,3
151,2162,5
151,1918,5
151,1400,4
151,1520,3
151,1425,4
151,1605,5
151,210,3
151,381,4
151,1189,5
151,776,5
151,1135,4
151,333,4
151,2051,5
151,1403,5
151,437,4
151,218,5
151,41,4
151,1146,4
151,375,5
151,344,4
151,1090,1
151,617,5
151,1667,5
151,942,0
151,1608,2
151,1677,5
151,1241,4
151,52,0
151,436,5
151,1021,5
151,895,4
151,153,4
151,1889,5
151,618,5
151,820,5
151,2093,5
151,729,5
151,2159,5
151,1376,2
151,1933,4
151,1133,4
151,206,1
151,1771,4
151,54,3
151,1688,5
151,262,4
151,1730,3
151,675,4
151,1427,5
151,1506,1
151,562,5
151,858,5
151,1856,5
151,966,3
151,1793,4
152,307,5
152,524,4
152,482,1
152,950,5
152,2150,1
152,1329,4
152,1366,5
152,2165,5
152,1036,3
152,2136,0
152,789,2
152,1004,5
152,1308,5
152,2105,5
152,51,4
152,2038,4
152,1957,5
152,2088,2
152,733,4
152,1431,5
152,2005,3
152,2174,4
152,1614,1
152,1011,2
152,67,4
152,1820,4
152,778,5
152,1963,5
152,542,2
152,971,3
152,1165,4
152,662,5
152,1468,5
152,640,3
152,1561,5
152,699,2
152,1411,4
152,700,5
152,437,5
152,1782,4
152,1601,5
152,1426,3
152,500,5
152,1559,0
152,1025,5
152,1951,5
152,1069,4
152,1108,3
152,268,4
152,867,2
152,1937,5
152,435,4
152,210,3
152,438,4
152,1080,4
152,1855,3
152,52,4
152,1307,5
152,1770,5
152,1283,2
152,1258,3
152,347,2
152,1144,5
152,863,0
152,1388,4
152,202,4
153,1493,4
153,1125,5
153,192,3
153,202,5
153,1175,4
153,1682,4
153,1965,4
153,1817,4
153,814,1
153,345,4
153,175,3
153,1844,4
153,1229,4
153,8,4
153,1254,0
153,1050,4
153,1582,4
153,1232,3
153,1187,2
153,420,5
153,1581,4
153,465,4
153,1146,2
153,1891,5
153,2007,3
153,1186,5
153,1527,2
153,1662,3
154,1273,4
154,1123,2
154,1177,1
154,642,5
154,1595,5
154,753,4
154,759,2
154,1902,4
154,646,5
154,1908,5
154,1444,5
154,1395,4
154,1075,4
154,1530,3
154,1154,4
154,903,4
154,1062,1
154,471,2
154,963,1
154,532,3
154,837,5
154,536,2
154,1907,3
154,1308,2
154,1516,3
154,2076,2
154,1613,4
154,113,4
154,1800,5
154,2029,3
154,1688,5
154,1874,2
154,2177,4
154,364,4
154,1497,3
154,1241,3
154,2187,4
154,915,3
154,1474,4
154,1646,3
154,319,5
154,618,3
154,66,5
154,1817,5
154,991,5
154,1370,4
154,482,4
154,292,5
154,2111,5
154,2170,2
154,39,1
154,950,4
154,2155,5
154,1865,5
154,374,0
154,1344,2
154,1894,2
154,1334,4
154,1174,5
154,452,4
154,36,5
154,90,4
155,664,3
155,1802,5
155,1564,5
155,2143,2
155,850,5
155,1926,3
155,496,5
155,1882,0
155,1762,3
155,1457,3
155,2165,5
155,1759,3
155,1368,3
155,1638,5
155,1344,4
155,1124,0
155,1426,2
155,488,4
155,2051,5
155,1258,5
155,1512,3
155,1158,0
155,1259,5
155,995,4
155,523,5
155,1556,5
155,1279,4
155,13,4
156,879,5
156,834,1
156,808,5
156,1337,3
156,1532,5
156,490,5
156,300,5
156,2157,5
156,437,4
156,1901,4
156,1649,1
156,1113,4
156,1066,5
156,2171,5
156,31,5
156,562,5
156,830,5
156,531,5
156,97,5
156,520,5
156,2177,4
156,1585,4
156,637,3
156,461,3
156,692,5
156,2178,4
156,396,4
156,1608,4
156,1921,5
156,1945,4
156,1165,4
156,1505,4
156,1849,4
156,1094,3
156,1146,5
156,369,3
156,1736,3
156,872,5
156,1867,4
156,373,4
156,2175,5
156,1246,3
156,1247,1
156,1911,4
156,109,5
156,806,1
156,1882,2
156,948,2
156,1623,5
156,1229,5
156,1475,4
156,1129,2
156,615,5
156,223,4
156,778,5
156,1008,4
156,219,3
156,1679,1
156,716,1
156,1876,3
156,24,4
156,2060,2
156,1179,3
157,1483,4
157,1256,4
157,105,4
157,1351,3
157,1643,4
157,67,4
157,313,2
157,319,5
157,192,4
157,557,3
157,1004,4
157,664,4
157,1532,4
157,1898,4
157,1958,5
157,1957,4
158,1421,4
158,132,4
158,1501,4
158,602,5
158,1723,5
158,1662,5
158,285,5
158,817,5
158,1046,5
158,830,5
158,139,4
158,1129,2
158,870,1
158,255,5
158,775,4
158,751,2
158,279,4
158,1182,1
158,725,4
158,544,2
158,608,3
158,1701,5
158,455,4
158,1759,3
158,1239,2
158,2200,5
158,1559,5
158,2205,4
158,452,5
158,1048,2
158,948,5
158,1584,4
158,1133,4
158,1944,1
158,2085,5
158,696,5
158,1067,5
158,1273,2
158,245,5
158,1094,4
158,1155,5
158,314,4
158,1344,5
158,599,4
158,1490,3
158,1008,5
158,152,4
158,723,3
158,326,4
158,489,2
158,1079,5
158,1241,4
158,1471,5
159,726,5
159,1892,4
159,1308,4
159,1497,5
159,777,2
159,245,4
159,933,2
159,1213,5
159,185,4
159,1945,3
159,229,1
159,618,5
159,315,5
159,1984,4
159,1503,4
159,1782,4
159,2183,4
159,1887,4
159,1584,5
159,2171,2
159,1068,1
159,2121,3
159,766,4
159,1970,5
159,1390,4
159,77,5
159,325,2
159,713,5
159,608,4
159,545,4
159,657,4
159,873,3
159,1898,5
159,767,0
159,1396,3
159,96,5
159,851,4
159,1299,4
159,885,4
159,819,2
159,134,5
159,994,4
159,1622,4
159,1836,5
159,455,4
159,761,4
159,1174,4
159,1262,1
159,690,2
159,839,2
159,531,5
159,1793,4
159,587,4
159,1073,2
159,1216,4
159,1911,4
159,1905,5
159,489,5
159,872,2
159,1123,2
159,768,1
159,911,2
159,121,3
159,2069,4
159,725,4
159,1953,2
159,864,4
159,2174,3
159,1337,1
160,524,5
160,834,4
160,1213,2
160,725,3
160,1131,4
160,1507,5
160,1447,5
160,851,5
160,608,5
160,1913,2
160,1446,2
160,349,2
160,97,1
160,1691,5
160,387,4
160,950,5
160,475,2
160,1259,5
160,946,4
160,1050,5
160,252,5
160,328,4
160,176,4
160,716,3
160,1851,4
160,864,4
160,1351,3
160,95,3
160,1706,4
160,531,5
160,1129,5
160,888,4
160,737,4
160,776,5
160,1130,4
160,134,4
160,2087,5
160,359,5
160,554,5
160,255,4
160,904,3
160,278,3
160,1782,2
160,240,5
160,1564,2
160,798,2
160,1530,3
160,455,5
160,875,3
160,861,3
160,101,5
160,2168,5
160,2020,3
160,2011,4
160,1209,2
160,79,4
160,1836,4
160,1626,4
161,1398,1
161,2076,3
161,771,4
161,726,5
161,875,4
161,963,2
161,176,1
161,1475,4
161,42,4
161,1791,4
161,1888,3
161,291,5
161,947,1
161,674,2
161,95,3
161,2069,4
161,1921,3
161,387,5
161,994,5
161,1098,3
161,1972,4
161,663,0
161,1001,3
161,277,0
161,2021,1
161,631,2
161,1527,5
161,52,4
161,1216,0
161,1130,5
161,2035,5
161,2053,4
161,544,4
161,1243,4
161,785,1
161,1822,2
161,77,5
161,260,2
161,1572,5
162,1460,5
162,2075,3
162,319,5
162,1314,5
162,794,5
162,742,5
162,280,5
162,268,4
162,203,5
162,1634,5
162,1592,4
162,1888,1
162,1937,4
162,1183,5
162,334,1
162,2183,1
162,79,4
162,622,4
162,2053,4
162,840,3
162,294,5
162,908,3
162,1566,2
162,700,5
162,1684,4
162,1882,5
162,1813,5
162,674,2
162,749,5
162,785,5
162,873,4
162,1875,2
162,955,3
162,1368,0
162,1297,3
162,1911,2
162,2085,4
162,57,5
162,1966,4
162,904,3
162,723,5
162,160,4
162,2206,5
162,1446,2
162,1836,2
162,19,4
162,1167,4
163,1050,5
163,1908,5
163,77,4
163,1148,4
163,928,2
163,334,1
163,1538,5
163,2035,4
163,307,2
163,2069,4
163,349,5
163,1447,3
163,1870,5
163,674,3
163,1803,4
163,1229,5
163,1214,4
163,888,4
163,261,4
163,1527,3
163,421,5
163,939,4
163,962,5
164,934,3
164,1701,1
164,1183,5
164,57,2
164,1822,4
164,589,5
164,1423,3
164,761,4
164,747,3
164,417,5
164,2206,4
164,631,5
164,876,1
164,732,4
164,944,4
164,214,1
164,1277,2
164,1259,5
164,1368,4
164,548,2
164,2173,4
164,1577,5
164,1120,4
164,2183,0
164,19,4
164,962,3
164,337,1
164,1019,4
164,95,3
164,251,4
164,1623,5
164,54,4
165,1492,4
165,1965,5
165,740,5
165,1721,5
165,622,4
165,233,5
165,1549,5
165,475,5
165,747,5
165,520,5
165,337,5
165,1532,4
165,1421,2
165,57,4
165,2020,4
165,280,4
165,508,5
165,1380,5
165,908,2
165,948,1
165,939,4
165,1046,3
165,478,3
165,1471,5
165,501,1
165,845,3
165,1762,3
165,328,5
165,876,1
165,251,1
165,2032,4
165,1655,5
165,2149,5
165,1130,0
165,2021,4
165,680,5
165,499,4
165,1803,3
165,1171,2
165,1120,4
165,962,2
165,548,5
165,1238,5
165,1390,3
166,1171,4
166,478,1
166,499,3
166,1721,4
166,1238,4
166,501,5
166,1471,3
166,1380,4
166,1390,5
167,1380,5
